,,,Stats,,,,,,,,,,,,Ratings,,,,,,,,
,Player,Team,G,MIN,PTS,REB,AST,STL,BLK,3PM,FG%,FGA,FT%,FTA,Overall,PTS,REB,AST,STL,BLK,3PM,FG%,FT%
1,Shai Gilgeous-Alexander,OKC,28,973,872,162,181,77,23,29,54.3,582,90.9,232,1.68,2.50,0.10,1.33,5.41,0.23,-0.62,1.81,2.69
2,Nikola Jokic,DEN,31,1046,817,382,285,37,25,35,54.1,577,81.4,194,1.43,2.17,3.17,3.05,1.18,0.36,-0.40,1.72,0.22
3,Joel Embiid,PHI,25,854,874,293,150,29,49,28,54.0,544,89.3,289,1.40,2.51,1.93,0.81,0.33,1.82,-0.66,1.62,2.84
4,Luka Doncic,DAL,29,1074,978,245,268,40,18,116,48.9,683,78.5,247,1.34,3.13,1.26,2.77,1.49,-0.07,2.57,0.05,-0.49
5,Anthony Davis,LAL,29,1038,722,360,92,31,72,11,54.7,499,80.5,205,1.06,1.61,2.86,-0.15,0.54,3.23,-1.29,1.68,0.02
6,Scottie Barnes,TOR,30,1050,621,282,178,45,42,63,49.1,475,76.7,120,0.96,1.01,1.77,1.28,2.02,1.40,0.63,0.11,-0.52
7,LeBron James,LAL,28,960,711,217,204,41,20,64,53.9,488,74.2,163,0.84,1.54,0.87,1.71,1.60,0.05,0.66,1.43,-1.12
8,Trae Young,ATL,28,1020,786,85,316,36,5,100,43.3,568,86.6,224,0.82,1.99,-0.98,3.57,1.07,-0.87,1.99,-1.71,1.53
9,Giannis Antetokounmpo,MIL,30,1042,925,328,167,40,37,11,60.6,564,67.1,343,0.80,2.81,2.41,1.09,1.49,1.09,-1.29,3.75,-5.00
10,Tyrese Haliburton,IND,26,884,646,104,313,24,15,93,50.5,455,85.3,109,0.79,1.15,-0.71,3.52,-0.20,-0.25,1.73,0.49,0.56
11,Damian Lillard,MIL,29,1019,745,130,201,30,6,96,43.5,499,91.9,234,0.75,1.74,-0.35,1.66,0.43,-0.80,1.84,-1.44,2.96
12,Kevin Durant,PHX,26,962,784,166,153,21,28,56,51.9,520,87.0,216,0.74,1.97,0.15,0.86,-0.52,0.54,0.37,0.94,1.58
13,Stephen Curry,GSW,28,939,781,127,124,19,10,134,46.5,529,93.4,166,0.70,1.96,-0.39,0.38,-0.73,-0.56,3.24,-0.65,2.36
14,Chet Holmgren,OKC,29,866,507,225,72,22,79,45,53.4,348,84.1,107,0.68,0.33,0.98,-0.48,-0.41,3.66,-0.04,0.96,0.41
15,Kawhi Leonard,LAC,27,932,658,160,95,41,18,63,52.1,468,87.7,122,0.65,1.23,0.07,-0.10,1.60,-0.07,0.63,0.91,0.96
16,Paul George,LAC,28,967,640,154,114,45,10,93,45.3,497,93.3,104,0.63,1.12,-0.01,0.21,2.02,-0.56,1.73,-0.94,1.44
17,Desmond Bane,MEM,28,972,706,126,149,32,19,99,46.3,557,85.8,106,0.54,1.51,-0.41,0.80,0.65,-0.01,1.95,-0.74,0.61
18,Tyrese Maxey,PHI,29,1081,747,113,190,23,16,94,45.9,564,88.2,153,0.54,1.75,-0.59,1.48,-0.31,-0.19,1.77,-0.88,1.30
19,Karl-Anthony Towns,MIN,28,928,615,262,82,24,17,53,51.6,430,90.1,131,0.52,0.97,1.49,-0.32,-0.20,-0.13,0.26,0.73,1.37
20,Jalen Brunson,NYK,30,1069,780,119,178,34,4,86,48.0,581,81.0,168,0.50,1.95,-0.50,1.28,0.86,-0.93,1.47,-0.23,0.09
21,Jayson Tatum,BOS,28,1029,752,239,119,26,14,83,47.7,539,80.3,193,0.50,1.78,1.17,0.30,0.01,-0.32,1.36,-0.31,-0.02
22,Victor Wembanyama,SAS,26,779,477,275,74,35,79,35,43.3,413,77.1,109,0.49,0.15,1.67,-0.45,0.96,3.66,-0.40,-1.21,-0.43
23,James Harden,LAC,25,844,443,121,193,37,21,69,47.0,279,86.8,129,0.48,-0.05,-0.48,1.53,1.18,0.11,0.85,-0.22,0.89
24,Dejounte Murray,ATL,30,1031,607,135,160,47,11,70,45.8,506,83.0,88,0.46,0.92,-0.28,0.98,2.23,-0.50,0.88,-0.80,0.22
25,Domantas Sabonis,SAC,29,1009,564,351,214,24,18,13,59.1,372,67.3,165,0.45,0.67,2.74,1.88,-0.20,-0.07,-1.21,2.21,-2.39
26,Derrick White,BOS,26,846,431,101,136,32,33,72,49.5,291,87.7,81,0.37,-0.12,-0.75,0.58,0.65,0.85,0.96,0.18,0.61
27,Brook Lopez,MIL,31,953,393,152,42,23,90,51,48.2,301,82.5,63,0.36,-0.35,-0.04,-0.98,-0.31,4.33,0.18,-0.04,0.11
28,Donovan Mitchell,CLE,22,803,610,123,121,40,10,68,45.3,468,88.7,133,0.36,0.94,-0.45,0.33,1.49,-0.56,0.81,-0.87,1.20
29,Anthony Edwards,MIN,26,893,654,145,138,36,13,63,45.3,505,84.7,157,0.35,1.20,-0.14,0.61,1.07,-0.38,0.63,-0.94,0.73
30,Alperen Sengun,HOU,29,928,605,270,146,30,23,20,53.2,449,71.8,149,0.34,0.91,1.61,0.75,0.43,0.23,-0.95,1.16,-1.42
31,Jonas Valanciunas,NOP,31,864,457,307,77,18,40,22,57.3,316,78.5,93,0.33,0.03,2.12,-0.40,-0.84,1.27,-0.88,1.56,-0.22
32,Cade Cunningham,DET,30,1045,691,124,211,30,9,56,44.5,577,87.1,139,0.33,1.42,-0.43,1.83,0.43,-0.62,0.37,-1.35,1.00
33,Nikola Vucevic,CHI,31,1054,517,321,106,26,23,34,45.2,480,87.5,56,0.26,0.39,2.32,0.08,0.01,0.23,-0.44,-0.92,0.40
34,DeMar DeRozan,CHI,30,1099,671,111,164,33,24,29,45.6,509,83.6,213,0.25,1.30,-0.61,1.04,0.75,0.30,-0.62,-0.88,0.74
35,De'Aaron Fox,SAC,23,808,694,105,141,38,9,78,48.7,501,73.6,174,0.24,1.44,-0.70,0.66,1.28,-0.62,1.18,0.01,-1.32
36,Fred VanVleet,HOU,28,1055,473,113,239,31,15,78,39.2,398,87.4,95,0.24,0.13,-0.59,2.29,0.54,-0.25,1.18,-2.08,0.70
37,Myles Turner,IND,28,767,480,210,33,17,62,38,51.5,332,80.6,124,0.22,0.17,0.77,-1.13,-0.94,2.62,-0.29,0.57,0.01
38,Mikal Bridges,BKN,31,1054,655,163,117,28,13,61,46.0,506,83.1,154,0.21,1.21,0.11,0.26,0.22,-0.38,0.55,-0.74,0.45
39,Tobias Harris,PHI,30,1023,514,184,87,28,12,37,51.1,380,90.8,98,0.20,0.37,0.40,-0.23,0.22,-0.44,-0.33,0.53,1.09
40,Jaren Jackson,MEM,29,915,619,168,46,21,49,45,46.3,454,83.2,185,0.19,0.99,0.18,-0.92,-0.52,1.82,-0.04,-0.60,0.57
41,Franz Wagner,ORL,30,1015,619,175,120,33,10,40,46.2,494,83.7,147,0.17,0.99,0.28,0.31,0.75,-0.56,-0.22,-0.69,0.51
42,Coby White,CHI,32,1118,565,133,159,24,8,94,44.9,452,81.3,80,0.16,0.67,-0.31,0.96,-0.20,-0.68,1.77,-0.94,0.04
43,Michael Porter,DEN,32,1009,529,246,49,15,27,90,47.3,431,73.8,42,0.14,0.46,1.27,-0.87,-1.15,0.48,1.62,-0.31,-0.35
44,Bogdan Bogdanovic,ATL,28,802,502,94,75,37,8,97,45.4,399,89.6,48,0.14,0.30,-0.85,-0.43,1.18,-0.68,1.88,-0.71,0.44
45,Austin Reaves,LAL,31,910,467,144,155,29,3,53,47.7,342,88.0,100,0.14,0.09,-0.15,0.90,0.33,-0.99,0.26,-0.16,0.81
46,Brandon Ingram,NOP,28,946,648,135,151,21,11,37,49.9,489,82.0,150,0.12,1.17,-0.28,0.83,-0.52,-0.50,-0.33,0.34,0.25
47,Julius Randle,NYK,30,1064,688,283,145,18,6,44,46.4,532,77.3,194,0.11,1.40,1.79,0.73,-0.84,-0.80,-0.07,-0.67,-0.66
48,Daniel Gafford,WAS,27,700,300,209,46,24,59,0,69.3,179,71.2,73,0.11,-0.90,0.75,-0.92,-0.20,2.44,-1.69,2.13,-0.77
49,Tyus Jones,WAS,30,836,377,92,162,36,9,45,53.6,295,76.2,21,0.10,-0.44,-0.88,1.01,1.07,-0.62,-0.04,0.85,-0.15
50,Jaylen Brown,BOS,28,946,634,137,101,32,18,60,47.8,517,73.4,109,0.10,1.08,-0.25,0.00,0.65,-0.07,0.52,-0.26,-0.86
51,Pascal Siakam,TOR,30,1037,640,201,155,25,6,26,50.7,479,75.7,169,0.09,1.12,0.64,0.90,-0.10,-0.80,-0.73,0.56,-0.88
52,Jrue Holiday,BOS,27,929,354,180,131,25,23,52,46.6,292,85.7,35,0.06,-0.58,0.35,0.50,-0.10,0.23,0.22,-0.29,0.16
53,Mike Conley,MIN,29,852,338,83,179,30,3,70,46.9,243,95.2,42,0.05,-0.67,-1.01,1.29,0.43,-0.99,0.88,-0.18,0.64
54,Lauri Markkanen,UTA,21,699,504,184,31,21,14,68,50.0,348,85.4,103,0.05,0.31,0.40,-1.16,-0.52,-0.32,0.81,0.29,0.54
55,Rudy Gobert,MIN,29,934,368,348,36,21,64,0,60.6,231,62.0,142,0.04,-0.50,2.69,-1.08,-0.52,2.74,-1.69,1.60,-2.89
56,Clint Capela,ATL,29,755,348,304,32,18,48,0,59.3,246,71.8,78,0.04,-0.62,2.08,-1.15,-0.84,1.76,-1.69,1.53,-0.77
57,Devin Booker,PHX,21,756,567,112,172,15,9,38,47.3,408,88.3,162,0.04,0.68,-0.60,1.18,-1.15,-0.62,-0.29,-0.29,1.39
58,De'Anthony Melton,PHI,29,851,350,119,98,48,15,61,39.9,291,82.6,69,0.03,-0.60,-0.50,-0.05,2.34,-0.25,0.55,-1.38,0.13
59,D'Angelo Russell,LAL,30,881,452,90,184,25,15,60,46.8,370,76.7,60,0.00,0.00,-0.91,1.38,-0.10,-0.25,0.52,-0.36,-0.28
60,Max Strus,CLE,31,1074,436,159,124,27,16,89,40.1,384,79.6,49,-0.01,-0.09,0.06,0.38,0.12,-0.19,1.58,-1.81,-0.08
61,Kyle Kuzma,WAS,30,936,674,182,131,9,18,69,46.3,561,76.6,111,-0.01,1.32,0.38,0.50,-1.79,-0.07,0.85,-0.74,-0.49
62,Jusuf Nurkic,PHX,28,783,336,287,104,28,34,18,46.4,267,70.7,99,-0.01,-0.69,1.84,0.05,0.22,0.91,-1.03,-0.28,-1.08
63,Herbert Jones,NOP,28,830,296,110,76,41,28,29,45.9,222,86.3,73,-0.04,-0.92,-0.63,-0.42,1.60,0.54,-0.62,-0.27,0.44
64,Dennis Schroder,TOR,30,958,422,85,206,32,3,48,42.5,355,86.7,83,-0.04,-0.18,-0.98,1.74,0.65,-0.99,0.07,-1.18,0.55
65,Jabari Smith,HOU,29,883,396,248,45,17,24,47,49.2,299,82.1,67,-0.04,-0.33,1.30,-0.93,-0.94,0.30,0.04,0.13,0.09
66,Jarrett Allen,CLE,26,767,356,238,69,22,23,0,66.5,221,70.5,88,-0.07,-0.57,1.16,-0.53,-0.41,0.23,-1.69,2.27,-0.99
67,Kentavious Caldwell-Pope,DEN,30,979,305,65,79,45,16,45,45.5,235,90.2,51,-0.07,-0.87,-1.26,-0.37,2.02,-0.19,-0.04,-0.35,0.51
68,Jalen Williams,OKC,26,830,475,99,97,23,11,34,52.2,343,87.4,95,-0.07,0.14,-0.78,-0.07,-0.31,-0.50,-0.44,0.71,0.70
69,Jalen Suggs,ORL,26,682,329,88,62,43,17,44,47.6,246,83.6,61,-0.08,-0.73,-0.94,-0.65,1.81,-0.13,-0.07,-0.09,0.18
70,Bobby Portis,MIL,31,756,399,215,37,25,16,33,51.7,317,82.6,46,-0.08,-0.31,0.84,-1.06,-0.10,-0.19,-0.48,0.59,0.07
71,Jimmy Butler,MIA,23,783,495,119,106,25,9,20,46.2,333,87.9,190,-0.09,0.26,-0.50,0.08,-0.10,-0.62,-0.95,-0.41,1.56
72,Kristaps Porzingis,BOS,21,639,411,149,36,16,38,37,53.3,261,82.1,117,-0.09,-0.24,-0.08,-1.08,-1.05,1.15,-0.33,0.72,0.19
73,Jaime Jaquez,MIA,30,868,411,118,76,31,9,33,51.6,308,85.7,70,-0.10,-0.24,-0.52,-0.42,0.54,-0.62,-0.48,0.55,0.37
74,Paolo Banchero,ORL,30,1021,636,205,138,30,17,37,46.2,496,69.1,204,-0.11,1.09,0.70,0.61,0.43,-0.13,-0.33,-0.69,-2.53
75,Jakob Poeltl,TOR,30,773,317,239,68,22,34,0,70.4,203,50.8,61,-0.11,-0.80,1.17,-0.55,-0.41,0.91,-1.69,2.54,-2.02
76,Keldon Johnson,SAS,28,912,490,178,109,24,7,54,46.5,387,76.0,100,-0.12,0.23,0.32,0.13,-0.20,-0.74,0.30,-0.44,-0.51
77,Buddy Hield,IND,29,771,385,97,80,24,20,85,43.9,321,85.7,21,-0.13,-0.40,-0.81,-0.35,-0.20,0.05,1.43,-0.81,0.07
78,Evan Mobley,CLE,21,705,336,220,61,17,35,2,57.3,248,76.9,65,-0.13,-0.69,0.91,-0.67,-0.94,0.97,-1.62,1.25,-0.29
79,Jordan Poole,WAS,29,856,516,73,104,32,9,62,41.5,441,87.1,101,-0.14,0.38,-1.15,0.05,0.65,-0.62,0.59,-1.75,0.72
80,Saddiq Bey,ATL,30,966,388,193,38,34,4,55,45.8,308,79.7,64,-0.15,-0.38,0.53,-1.05,0.86,-0.93,0.33,-0.45,-0.09
81,Zach Collins,SAS,29,775,373,175,98,18,23,34,48.6,290,81.4,70,-0.15,-0.47,0.28,-0.05,-0.84,0.23,-0.44,0.04,0.04
82,Deandre Ayton,POR,24,760,314,258,38,28,16,0,54.8,261,77.8,36,-0.16,-0.82,1.44,-1.05,0.22,-0.19,-1.69,0.95,-0.15
83,Grayson Allen,PHX,25,833,328,113,68,23,13,61,49.6,224,90.0,50,-0.17,-0.73,-0.59,-0.55,-0.31,-0.38,0.55,0.18,0.49
84,Bam Adebayo,MIA,20,677,440,198,81,23,20,1,51.1,319,79.6,142,-0.17,-0.07,0.60,-0.33,-0.31,0.05,-1.65,0.48,-0.15
85,Klay Thompson,GSW,29,886,502,113,60,14,14,95,42.6,408,90.8,65,-0.17,0.30,-0.59,-0.68,-1.26,-0.32,1.80,-1.35,0.70
86,Kyle Lowry,MIA,28,819,263,104,115,31,9,57,46.1,191,83.3,36,-0.18,-1.12,-0.71,0.23,0.54,-0.62,0.41,-0.20,0.07
87,Kelly Olynyk,UTA,29,636,228,159,132,24,9,24,54.0,150,89.4,47,-0.18,-1.33,0.06,0.51,-0.20,-0.62,-0.81,0.53,0.42
88,Deni Avdija,WAS,30,801,334,165,115,27,9,25,49.2,260,80.3,66,-0.19,-0.70,0.14,0.23,0.12,-0.62,-0.77,0.14,-0.04
89,Cole Anthony,ORL,30,755,436,135,108,22,13,41,44.7,329,83.5,121,-0.19,-0.09,-0.28,0.11,-0.41,-0.38,-0.18,-0.69,0.39
90,Matisse Thybulle,POR,29,676,176,63,35,49,26,44,44.3,140,80.0,10,-0.19,-1.64,-1.29,-1.10,2.45,0.42,-0.07,-0.26,-0.06
91,Collin Sexton,UTA,31,726,474,84,111,20,6,40,46.6,343,88.4,129,-0.20,0.13,-0.99,0.16,-0.63,-0.80,-0.22,-0.35,1.11
92,Malik Monk,SAC,28,695,393,70,144,16,16,71,42.3,307,88.6,70,-0.20,-0.35,-1.19,0.71,-1.05,-0.19,0.92,-1.04,0.59
93,Keegan Murray,SAC,25,814,394,136,43,29,10,64,44.8,324,85.1,47,-0.20,-0.34,-0.27,-0.96,0.33,-0.56,0.66,-0.67,0.20
94,Jerami Grant,POR,25,871,549,92,62,18,20,62,45.6,408,81.6,141,-0.21,0.58,-0.88,-0.65,-0.84,0.05,0.59,-0.68,0.16
95,Russell Westbrook,LAC,30,728,342,197,141,32,15,19,46.5,297,63.5,74,-0.22,-0.65,0.59,0.66,0.65,-0.25,-0.99,-0.32,-1.41
96,Naz Reid,MIN,29,642,369,131,28,21,16,54,49.5,279,92.9,42,-0.22,-0.49,-0.34,-1.21,-0.52,-0.19,0.30,0.18,0.53
97,Onyeka Okongwu,ATL,30,738,290,205,44,15,27,12,58.3,192,84.4,64,-0.22,-0.96,0.70,-0.95,-1.15,0.48,-1.25,1.11,0.24
98,Duncan Robinson,MIA,28,816,422,79,87,14,3,89,49.2,299,84.8,46,-0.23,-0.18,-1.06,-0.23,-1.26,-0.99,1.58,0.13,0.18
99,Spencer Dinwiddie,BKN,29,924,413,116,192,25,6,59,39.8,339,76.4,110,-0.23,-0.23,-0.55,1.51,-0.10,-0.80,0.48,-1.64,-0.51
100,Ivica Zubac,LAC,30,799,369,278,35,7,42,0,63.5,249,61.6,86,-0.23,-0.49,1.72,-1.10,-2.00,1.40,-1.69,2.11,-1.81
101,Alex Caruso,CHI,26,616,250,90,62,32,20,40,52.7,169,80.0,40,-0.24,-1.20,-0.91,-0.65,0.65,0.05,-0.22,0.45,-0.06
102,Malik Beasley,MIL,29,855,338,125,43,25,4,84,48.4,254,66.7,12,-0.24,-0.67,-0.42,-0.96,-0.10,-0.93,1.40,0.02,-0.23
103,Ausar Thompson,DET,30,786,286,227,69,27,34,9,46.1,256,69.5,59,-0.24,-0.98,1.00,-0.53,0.12,0.91,-1.36,-0.31,-0.75
104,O.G. Anunoby,TOR,26,863,396,104,69,26,13,59,48.6,313,71.7,46,-0.24,-0.33,-0.71,-0.53,0.01,-0.38,0.48,0.03,-0.48
105,Chris Paul,GSW,27,739,224,103,206,34,1,30,39.4,208,88.2,34,-0.24,-1.35,-0.73,1.74,0.86,-1.11,-0.59,-1.01,0.25
106,Darius Garland,CLE,20,680,414,55,118,32,4,36,47.0,321,83.5,91,-0.24,-0.22,-1.40,0.28,0.65,-0.93,-0.37,-0.25,0.28
107,John Collins,UTA,27,802,375,215,21,17,25,39,47.6,294,78.9,71,-0.26,-0.46,0.84,-1.33,-0.94,0.36,-0.26,-0.12,-0.15
108,Patrick Williams,CHI,32,880,318,130,45,29,29,43,44.7,262,75.9,54,-0.26,-0.79,-0.35,-0.93,0.33,0.60,-0.11,-0.53,-0.31
109,CJ McCollum,NOP,18,603,353,72,86,27,15,57,46.0,274,78.6,56,-0.28,-0.59,-1.16,-0.25,0.12,-0.25,0.41,-0.36,-0.15
110,Eric Gordon,PHX,26,833,358,52,70,25,16,69,46.7,291,81.0,21,-0.28,-0.56,-1.44,-0.52,-0.10,-0.19,0.85,-0.26,-0.04
111,Khris Middleton,MIL,26,635,372,120,116,19,3,42,48.7,298,83.3,48,-0.30,-0.47,-0.49,0.25,-0.73,-0.99,-0.15,0.05,0.11
112,Royce O'Neale,BKN,30,786,233,142,97,22,23,65,38.9,203,62.5,16,-0.30,-1.30,-0.18,-0.07,-0.41,0.23,0.70,-1.04,-0.36
113,Shaedon Sharpe,POR,26,912,436,139,85,24,9,54,41.0,363,82.4,102,-0.30,-0.09,-0.22,-0.27,-0.20,-0.62,0.30,-1.51,0.19
114,Terry Rozier,CHA,18,645,412,67,128,22,7,45,45.6,340,85.1,67,-0.31,-0.24,-1.23,0.45,-0.41,-0.74,-0.04,-0.55,0.31
115,Aaron Nesmith,IND,27,675,310,86,28,28,19,54,53.1,211,69.6,46,-0.31,-0.84,-0.96,-1.21,0.22,-0.01,0.30,0.59,-0.59
116,Gordon Hayward,CHA,25,798,362,117,116,28,12,22,46.8,297,76.5,81,-0.32,-0.53,-0.53,0.25,0.22,-0.44,-0.88,-0.26,-0.38
117,Zion Williamson,NOP,25,772,558,152,110,27,8,3,57.5,381,65.0,180,-0.32,0.63,-0.04,0.15,0.12,-0.68,-1.58,1.90,-3.05
118,Aaron Gordon,DEN,28,896,380,192,96,27,17,13,52.5,295,60.6,94,-0.33,-0.43,0.52,-0.08,0.12,-0.13,-1.21,0.69,-2.07
119,Nic Claxton,BKN,21,571,244,199,35,9,53,1,64.2,165,62.0,50,-0.33,-1.23,0.61,-1.10,-1.79,2.07,-1.65,1.51,-1.05
120,Dorian Finney-Smith,BKN,28,824,293,139,34,19,15,69,47.0,230,80.0,10,-0.33,-0.94,-0.22,-1.11,-0.73,-0.25,0.85,-0.16,-0.06
121,Donte DiVincenzo,NYK,30,621,296,86,54,29,8,73,45.7,221,72.4,29,-0.33,-0.92,-0.96,-0.78,0.33,-0.68,0.99,-0.30,-0.30
122,Luguentz Dort,OKC,28,793,311,110,36,23,23,52,45.8,225,81.5,65,-0.33,-0.84,-0.63,-1.08,-0.31,0.23,0.22,-0.30,0.04
123,Josh Giddey,OKC,28,710,323,165,122,22,13,23,44.3,307,80.0,35,-0.33,-0.76,0.14,0.35,-0.41,-0.38,-0.84,-0.70,-0.06
124,LaMelo Ball,CHA,15,501,370,82,123,21,4,52,44.3,298,85.7,63,-0.34,-0.48,-1.02,0.36,-0.52,-0.93,0.22,-0.68,0.33
125,Josh Hart,NYK,30,839,226,176,88,28,7,28,45.6,195,80.0,25,-0.35,-1.34,0.29,-0.22,0.22,-0.74,-0.66,-0.26,-0.06
126,Reggie Jackson,DEN,32,784,400,69,141,20,7,48,47.3,338,72.7,44,-0.35,-0.31,-1.20,0.66,-0.63,-0.74,0.07,-0.21,-0.41
127,Obi Toppin,IND,29,690,346,102,39,16,16,37,59.6,230,76.1,46,-0.35,-0.63,-0.74,-1.03,-1.05,-0.19,-0.33,1.46,-0.26
128,Dereck Lively,DAL,25,639,229,192,28,15,38,0,74.8,139,53.8,39,-0.35,-1.32,0.52,-1.21,-1.15,1.15,-1.69,2.11,-1.18
129,P.J. Washington,CHA,25,746,345,134,60,25,21,46,42.5,301,76.8,56,-0.35,-0.63,-0.29,-0.68,-0.10,0.11,0.00,-0.99,-0.26
130,Dario Saric,GSW,30,623,322,171,61,17,6,47,46.4,239,85.5,62,-0.36,-0.77,0.22,-0.67,-0.94,-0.80,0.04,-0.24,0.31
131,Devin Vassell,SAS,24,719,434,80,69,23,3,63,45.6,344,81.4,70,-0.36,-0.10,-1.05,-0.53,-0.31,-0.99,0.63,-0.54,0.04
132,Goga Bitadze,ORL,27,538,190,160,47,18,46,1,60.8,125,71.2,52,-0.36,-1.55,0.07,-0.90,-0.84,1.64,-1.65,0.93,-0.57
133,Norman Powell,LAC,30,761,392,66,30,17,13,57,49.6,272,87.8,74,-0.37,-0.35,-1.24,-1.18,-0.94,-0.38,0.41,0.20,0.57
134,Walker Kessler,UTA,23,570,203,189,21,10,64,3,58.6,157,51.6,31,-0.37,-1.48,0.47,-1.33,-1.68,2.74,-1.58,0.95,-1.03
135,Dillon Brooks,HOU,28,866,380,98,48,26,1,53,47.6,296,83.3,54,-0.37,-0.43,-0.80,-0.88,0.01,-1.11,0.26,-0.12,0.13
136,Talen Horton-Tucker,UTA,28,641,318,75,126,30,11,37,41.6,286,81.1,53,-0.37,-0.79,-1.12,0.41,0.43,-0.50,-0.33,-1.08,0.00
137,Bruce Brown,IND,27,828,313,124,78,30,7,27,45.7,256,81.3,64,-0.37,-0.82,-0.43,-0.38,0.43,-0.74,-0.70,-0.37,0.02
138,Kyrie Irving,DAL,17,541,391,67,88,20,5,43,47.1,310,90.3,62,-0.37,-0.36,-1.23,-0.22,-0.63,-0.87,-0.11,-0.23,0.64
139,Derrick Jones,DAL,30,759,313,108,32,23,25,47,47.5,240,74.5,51,-0.38,-0.82,-0.66,-1.15,-0.31,0.36,0.04,-0.10,-0.37
140,Immanuel Quickley,NYK,29,692,438,76,73,16,3,61,45.5,325,87.1,93,-0.38,-0.08,-1.10,-0.47,-1.05,-0.99,0.55,-0.53,0.65
141,Jamal Murray,DEN,18,535,356,71,103,14,14,44,47.0,281,90.6,53,-0.38,-0.57,-1.17,0.03,-1.26,-0.32,-0.07,-0.21,0.55
142,Isaiah Hartenstein,NYK,30,658,187,206,44,24,28,1,59.2,125,66.7,57,-0.40,-1.57,0.71,-0.95,-0.20,0.54,-1.65,0.82,-0.90
143,De'Andre Hunter,ATL,24,727,358,98,33,20,9,46,46.0,265,90.7,75,-0.41,-0.56,-0.80,-1.13,-0.63,-0.62,0.00,-0.33,0.81
144,Al Horford,BOS,25,663,188,177,71,11,25,36,46.7,152,100.0,10,-0.41,-1.57,0.31,-0.50,-1.58,0.36,-0.37,-0.08,0.16
145,Bilal Coulibaly,WAS,29,773,259,117,51,27,20,34,51.9,185,64.7,51,-0.41,-1.14,-0.53,-0.83,0.12,0.05,-0.44,0.41,-0.92
146,Dyson Daniels,NOP,31,719,193,125,84,42,10,21,40.9,181,66.7,36,-0.41,-1.54,-0.42,-0.28,1.70,-0.56,-0.92,-0.71,-0.59
147,Jalen Green,HOU,29,870,490,127,90,17,11,58,39.4,411,81.2,133,-0.42,0.23,-0.39,-0.18,-0.94,-0.50,0.44,-2.10,0.10
148,Andre Drummond,CHI,32,456,217,236,18,37,14,0,54.1,159,61.6,73,-0.43,-1.39,1.13,-1.38,1.18,-0.32,-1.69,0.56,-1.54
149,Cameron Johnson,BKN,23,656,344,110,57,19,3,58,47.7,266,78.0,41,-0.44,-0.64,-0.63,-0.73,-0.73,-0.99,0.44,-0.08,-0.15
150,Taurean Prince,LAL,29,899,295,85,51,22,14,63,44.4,241,75.0,24,-0.44,-0.93,-0.98,-0.83,-0.41,-0.32,0.63,-0.51,-0.19
151,Harrison Barnes,SAC,29,899,340,93,41,21,5,50,48.3,238,83.3,72,-0.44,-0.66,-0.87,-1.00,-0.52,-0.87,0.15,0.02,0.20
152,Jeremy Sochan,SAS,29,848,320,164,118,19,7,28,43.4,288,75.0,56,-0.46,-0.78,0.13,0.28,-0.73,-0.74,-0.66,-0.80,-0.37
153,Kevon Looney,GSW,30,643,160,233,81,20,8,0,56.8,118,72.2,36,-0.46,-1.73,1.09,-0.33,-0.63,-0.68,-1.69,0.62,-0.37
154,Miles Bridges,CHA,17,619,337,124,44,23,8,32,45.4,282,86.0,57,-0.47,-0.68,-0.43,-0.95,-0.31,-0.68,-0.51,-0.46,0.31
155,Moritz Wagner,ORL,30,565,345,125,36,13,10,15,61.3,222,77.3,75,-0.48,-0.63,-0.42,-1.08,-1.37,-0.56,-1.14,1.63,-0.29
156,Tim Hardaway,DAL,28,814,489,102,44,10,0,92,40.3,414,88.7,71,-0.49,0.22,-0.74,-0.95,-1.68,-1.17,1.69,-1.91,0.61
157,Kevin Huerter,SAC,28,701,296,108,76,19,9,56,42.5,261,78.3,23,-0.49,-0.92,-0.66,-0.42,-0.73,-0.62,0.37,-0.84,-0.10
158,Mark Williams,CHA,19,508,242,184,22,16,20,0,64.9,151,71.9,64,-0.50,-1.24,0.40,-1.31,-1.05,0.05,-1.69,1.45,-0.64
159,Isaiah Stewart,DET,28,859,290,196,48,8,17,39,47.2,229,74.5,47,-0.50,-0.96,0.57,-0.88,-1.90,-0.13,-0.26,-0.13,-0.35
160,Isaiah Joe,OKC,29,587,276,68,32,21,11,67,44.0,207,84.4,32,-0.50,-1.04,-1.22,-1.15,-0.52,-0.50,0.77,-0.48,0.09
161,Cam Thomas,BKN,22,666,502,61,50,13,9,47,45.3,413,85.3,95,-0.51,0.30,-1.31,-0.85,-1.37,-0.62,0.04,-0.76,0.48
162,Bennedict Mathurin,IND,29,723,388,108,59,18,5,37,43.9,314,85.2,88,-0.51,-0.38,-0.66,-0.70,-0.84,-0.87,-0.33,-0.78,0.44
163,Malcolm Brogdon,POR,22,614,338,80,125,18,4,45,43.2,287,77.6,58,-0.52,-0.67,-1.05,0.40,-0.84,-0.93,-0.04,-0.83,-0.22
164,Zach LaVine,CHI,18,635,378,88,61,17,4,43,44.3,298,86.6,82,-0.52,-0.44,-0.94,-0.67,-0.94,-0.93,-0.11,-0.68,0.52
165,Robert Covington,LAC/PHI,27,467,120,92,24,36,18,19,43.5,92,84.0,25,-0.53,-1.97,-0.88,-1.28,1.07,-0.07,-0.99,-0.17,0.05
166,Mitchell Robinson,NYK,21,613,130,216,15,32,27,0,59.2,98,36.8,38,-0.53,-1.91,0.85,-1.43,0.65,0.48,-1.69,0.67,-1.86
167,Jalen Johnson,ATL,16,478,222,118,40,18,15,17,59.6,151,75.8,33,-0.53,-1.36,-0.52,-1.01,-0.84,-0.25,-1.07,1.00,-0.21
168,Jaden Ivey,DET,26,653,323,83,80,22,15,25,45.2,250,77.4,93,-0.54,-0.76,-1.01,-0.35,-0.41,-0.25,-0.77,-0.43,-0.33
169,Caris LeVert,CLE,23,673,362,81,89,24,9,44,41.8,311,74.4,78,-0.55,-0.53,-1.03,-0.20,-0.20,-0.62,-0.07,-1.15,-0.55
170,Brandon Miller,CHA,25,785,365,100,56,16,13,47,43.6,321,79.2,48,-0.55,-0.51,-0.77,-0.75,-1.05,-0.38,0.04,-0.86,-0.11
171,Brandin Podziemski,GSW,24,546,213,130,72,24,5,30,46.3,177,70.4,27,-0.55,-1.42,-0.35,-0.48,-0.20,-0.87,-0.59,-0.16,-0.34
172,Sam Hauser,BOS,29,654,249,99,30,15,8,69,44.8,192,80.0,10,-0.57,-1.20,-0.78,-1.18,-1.15,-0.68,0.85,-0.34,-0.06
173,Ochai Agbaji,UTA,31,666,222,82,32,21,16,40,47.0,183,83.3,12,-0.57,-1.36,-1.02,-1.15,-0.52,-0.19,-0.22,-0.10,-0.01
174,Kyle Anderson,MIN,29,673,201,100,114,22,23,2,46.2,169,71.7,60,-0.58,-1.49,-0.77,0.21,-0.41,0.23,-1.62,-0.16,-0.61
175,RJ Barrett,NYK,25,730,455,105,61,11,9,42,42.3,371,83.2,119,-0.58,0.02,-0.70,-0.67,-1.58,-0.62,-0.15,-1.28,0.34
176,Nickeil Alexander-Walker,MIN,29,666,198,54,71,25,18,41,42.0,174,64.7,17,-0.59,-1.51,-1.41,-0.50,-0.10,-0.07,-0.18,-0.58,-0.34
177,Dante Exum,DAL,27,516,246,84,72,17,5,24,57.5,167,75.0,40,-0.59,-1.22,-0.99,-0.48,-0.94,-0.87,-0.81,0.90,-0.28
178,Day'Ron Sharpe,BKN,31,503,224,218,43,14,28,1,56.6,159,59.7,72,-0.59,-1.35,0.88,-0.96,-1.26,0.54,-1.65,0.78,-1.67
179,Killian Hayes,DET,25,660,228,77,110,26,15,18,42.5,214,70.0,40,-0.59,-1.33,-1.09,0.15,0.01,-0.25,-1.03,-0.67,-0.50
180,Nick Richards,CHA,22,493,193,156,16,8,28,0,69.9,103,80.3,61,-0.59,-1.54,0.01,-1.41,-1.90,0.54,-1.69,1.31,-0.04
181,Jordan Clarkson,UTA,21,643,370,73,108,17,3,37,40.7,327,85.9,78,-0.59,-0.48,-1.15,0.11,-0.94,-0.99,-0.33,-1.42,0.44
182,Cam Reddish,LAL,26,642,183,69,39,36,7,22,39.8,161,86.8,38,-0.61,-1.60,-1.20,-1.03,1.07,-0.74,-0.88,-0.72,0.23
183,Ayo Dosunmu,CHI,30,645,228,69,55,25,7,30,48.1,181,75.0,32,-0.62,-1.33,-1.20,-0.77,-0.10,-0.74,-0.59,0.01,-0.24
184,Toumani Camara,POR,29,718,203,132,28,28,15,24,42.0,181,69.2,39,-0.62,-1.48,-0.32,-1.21,0.22,-0.25,-0.81,-0.60,-0.52
185,Simone Fontecchio,UTA,29,612,251,81,32,14,12,54,44.9,196,84.0,25,-0.63,-1.19,-1.03,-1.15,-1.26,-0.44,0.30,-0.34,0.05
186,Drew Eubanks,PHX,28,476,173,123,31,10,29,2,59.3,118,83.8,37,-0.64,-1.65,-0.45,-1.16,-1.68,0.60,-1.62,0.79,0.09
187,Paul Reed,PHI,30,433,158,134,34,16,21,5,57.6,118,73.9,23,-0.64,-1.74,-0.29,-1.11,-1.05,0.11,-1.51,0.68,-0.21
188,Tari Eason,HOU,20,429,188,138,24,25,17,17,46.6,161,63.6,33,-0.64,-1.57,-0.24,-1.28,-0.10,-0.13,-1.07,-0.11,-0.65
189,Tre Jones,SAS,25,581,199,62,124,21,4,14,46.2,171,81.8,33,-0.65,-1.50,-1.30,0.38,-0.52,-0.93,-1.18,-0.16,0.01
190,Cason Wallace,OKC,29,634,195,61,43,18,12,29,54.2,142,80.0,15,-0.65,-1.52,-1.31,-0.96,-0.84,-0.44,-0.62,0.52,-0.06
191,Jabari Walker,POR,29,521,220,148,21,20,12,15,48.0,171,75.9,54,-0.66,-1.38,-0.10,-1.33,-0.63,-0.44,-1.14,0.01,-0.31
192,Moses Moody,GSW,30,544,244,96,27,21,8,30,47.6,185,76.0,50,-0.67,-1.23,-0.82,-1.23,-0.52,-0.68,-0.59,-0.04,-0.28
193,Grant Williams,DAL,28,812,251,108,47,12,17,55,41.6,209,64.7,34,-0.68,-1.19,-0.66,-0.90,-1.47,-0.13,0.33,-0.75,-0.63
194,Santi Aldama,MEM,23,562,257,127,44,15,17,38,43.8,224,62.2,37,-0.68,-1.16,-0.39,-0.95,-1.15,-0.13,-0.29,-0.55,-0.79
195,Jalen Duren,DET,15,437,188,168,39,9,20,0,62.3,138,57.1,28,-0.68,-1.57,0.18,-1.03,-1.79,0.05,-1.69,1.14,-0.76
196,Marcus Sasser,DET,29,470,213,48,68,18,5,34,47.6,170,89.5,19,-0.69,-1.42,-1.49,-0.55,-0.84,-0.87,-0.44,-0.02,0.14
197,Kevin Love,MIA,23,430,215,155,59,9,2,43,42.7,157,80.9,47,-0.69,-1.41,0.00,-0.70,-1.79,-1.05,-0.11,-0.44,-0.02
198,Corey Kispert,WAS,29,662,331,67,43,11,5,60,46.6,247,73.2,56,-0.69,-0.72,-1.23,-0.96,-1.58,-0.87,0.52,-0.23,-0.48
199,Tyler Herro,MIA,12,413,288,64,53,15,1,41,45.9,233,86.8,38,-0.69,-0.97,-1.27,-0.80,-1.15,-1.11,-0.18,-0.29,0.23
200,Josh Richardson,MIA,24,666,241,65,71,14,6,35,43.7,199,91.4,35,-0.70,-1.25,-1.26,-0.50,-1.26,-0.80,-0.40,-0.48,0.38
201,Christian Braun,DEN,32,632,268,118,55,12,11,24,47.0,215,75.0,56,-0.71,-1.09,-0.52,-0.77,-1.47,-0.50,-0.81,-0.14,-0.37
202,Dean Wade,CLE,24,536,140,116,21,21,8,37,41.4,111,78.6,14,-0.71,-1.85,-0.55,-1.33,-0.52,-0.68,-0.33,-0.36,-0.08
203,Isaiah Jackson,IND,21,304,154,96,19,12,31,0,66.7,93,73.2,41,-0.72,-1.77,-0.82,-1.36,-1.47,0.72,-1.69,1.03,-0.37
204,Torrey Craig,CHI,27,572,165,130,28,17,10,29,42.4,139,78.3,23,-0.74,-1.70,-0.35,-1.21,-0.94,-0.56,-0.62,-0.40,-0.10
205,Kelly Oubre,PHI,19,501,250,81,14,23,7,33,47.2,197,68.9,45,-0.74,-1.20,-1.03,-1.45,-0.31,-0.74,-0.48,-0.09,-0.61
206,Jordan Goodwin,PHX,29,520,174,114,73,19,8,23,36.8,174,85.2,27,-0.74,-1.65,-0.57,-0.47,-0.73,-0.68,-0.84,-1.08,0.10
207,Anfernee Simons,POR,11,376,298,34,58,10,1,42,45.6,228,92.3,52,-0.74,-0.91,-1.69,-0.72,-1.68,-1.11,-0.15,-0.32,0.64
208,Payton Pritchard,BOS,29,588,211,91,82,11,3,48,41.9,179,72.2,18,-0.74,-1.43,-0.89,-0.32,-1.58,-0.99,0.07,-0.60,-0.21
209,Jonathan Kuminga,GSW,29,628,362,111,35,18,8,21,50.4,266,67.0,109,-0.75,-0.53,-0.61,-1.10,-0.84,-0.68,-0.92,0.31,-1.63
210,Peyton Watson,DEN,30,509,176,74,30,17,26,13,52.2,134,62.2,37,-0.76,-1.64,-1.13,-1.18,-0.94,0.42,-1.21,0.35,-0.79
211,Cameron Payne,MIL,31,505,201,38,78,12,2,37,46.8,154,90.9,22,-0.78,-1.49,-1.63,-0.38,-1.47,-1.05,-0.33,-0.08,0.21
212,T.J. McConnell,IND,22,328,162,58,104,20,3,1,52.2,138,70.8,24,-0.78,-1.72,-1.35,0.05,-0.63,-0.99,-1.65,0.36,-0.30
213,Marvin Bagley,DET,24,457,252,114,24,3,14,1,59.0,173,82.5,57,-0.78,-1.19,-0.57,-1.28,-2.43,-0.32,-1.65,1.07,0.09
214,Jonathan Isaac,ORL,21,285,134,86,7,18,26,13,45.3,106,78.1,32,-0.78,-1.89,-0.96,-1.56,-0.84,0.42,-1.21,-0.11,-0.13
215,Rui Hachimura,LAL,22,534,264,85,25,16,5,28,48.6,210,72.7,44,-0.79,-1.11,-0.98,-1.26,-1.05,-0.87,-0.66,0.06,-0.41
216,Marcus Smart,MEM,12,359,150,28,58,27,5,20,42.6,129,83.3,24,-0.79,-1.79,-1.77,-0.72,0.12,-0.87,-0.95,-0.35,0.03
217,Keyonte George,UTA,25,642,272,72,124,13,3,41,36.1,241,77.0,74,-0.79,-1.07,-1.16,0.38,-1.37,-0.99,-0.18,-1.63,-0.31
218,Gary Harris,ORL,24,542,174,41,45,22,5,32,43.4,136,80.0,30,-0.79,-1.65,-1.59,-0.93,-0.41,-0.87,-0.51,-0.32,-0.06
219,Joe Ingles,ORL,24,437,117,66,82,18,3,24,40.4,94,89.5,19,-0.80,-1.99,-1.24,-0.32,-0.84,-0.99,-0.81,-0.34,0.14
220,Naji Marshall,NOP,22,428,180,89,52,16,5,25,44.4,133,78.7,47,-0.80,-1.61,-0.92,-0.82,-1.05,-0.87,-0.77,-0.23,-0.13
221,Georges Niang,CLE,31,689,256,110,37,10,4,50,40.2,239,82.4,17,-0.80,-1.16,-0.63,-1.06,-1.68,-0.93,0.15,-1.07,-0.01
222,Malaki Branham,SAS,29,648,258,58,73,11,4,29,44.4,241,93.8,16,-0.80,-1.15,-1.35,-0.47,-1.58,-0.93,-0.62,-0.51,0.19
223,Jordan Hawkins,NOP,27,644,289,85,41,10,0,59,38.2,249,87.0,46,-0.80,-0.97,-0.98,-1.00,-1.68,-1.17,0.48,-1.40,0.29
224,David Roddy,MEM,27,635,218,114,34,17,9,28,40.7,209,71.4,28,-0.81,-1.39,-0.57,-1.11,-0.94,-0.62,-0.66,-0.86,-0.32
225,Draymond Green,GSW,15,377,145,83,87,6,11,18,49.0,104,83.3,30,-0.82,-1.82,-1.01,-0.23,-2.11,-0.50,-1.03,0.11,0.05
226,Isaac Okoro,CLE,22,572,186,77,45,18,9,22,48.9,137,66.7,45,-0.82,-1.58,-1.09,-0.93,-0.84,-0.62,-0.88,0.10,-0.72
227,Lonnie Walker,BKN,17,362,249,45,28,10,7,44,48.9,180,76.3,38,-0.82,-1.20,-1.54,-1.21,-1.68,-0.74,-0.07,0.10,-0.21
228,Gary Trent,TOR,27,686,305,60,44,18,2,58,40.4,277,62.2,37,-0.82,-0.87,-1.33,-0.95,-0.84,-1.05,0.44,-1.22,-0.79
229,Jae'Sean Tate,HOU,27,476,132,94,28,21,6,15,48.2,110,68.8,16,-0.83,-1.90,-0.85,-1.21,-0.52,-0.80,-1.14,0.06,-0.25
230,Malachi Flynn,TOR,30,468,157,65,73,16,6,28,40.9,137,77.3,22,-0.83,-1.75,-1.26,-0.47,-1.05,-0.80,-0.66,-0.51,-0.12
231,Jaden McDaniels,MIN,19,500,206,45,22,14,10,21,54.4,160,73.3,15,-0.83,-1.46,-1.54,-1.31,-1.26,-0.56,-0.92,0.59,-0.17
232,Aaron Holiday,HOU,27,500,201,52,44,13,3,38,45.1,162,89.5,19,-0.83,-1.49,-1.44,-0.95,-1.37,-0.99,-0.29,-0.25,0.14
233,Nicolas Batum,LAC/PHI,20,478,113,73,43,12,13,26,54.1,74,63.6,11,-0.83,-2.01,-1.15,-0.96,-1.47,-0.38,-0.73,0.32,-0.25
234,Ziaire Williams,MEM,27,534,211,102,40,12,8,30,39.8,186,84.6,39,-0.83,-1.43,-0.74,-1.01,-1.47,-0.68,-0.59,-0.85,0.14
235,Caleb Martin,MIA,20,529,220,101,45,16,5,25,44.3,192,67.6,37,-0.84,-1.38,-0.75,-0.93,-1.05,-0.87,-0.77,-0.40,-0.57
236,Precious Achiuwa,TOR,24,435,193,134,44,16,12,13,46.2,169,57.1,42,-0.84,-1.54,-0.29,-0.95,-1.05,-0.44,-1.21,-0.16,-1.12
237,John Konchar,MEM,23,408,79,96,32,17,17,17,37.3,75,75.0,8,-0.85,-2.21,-0.82,-1.15,-0.94,-0.13,-1.07,-0.37,-0.10
238,Anthony Black,ORL,28,573,158,75,49,16,12,16,50.8,118,62.9,35,-0.85,-1.74,-1.12,-0.87,-1.05,-0.44,-1.10,0.23,-0.72
239,Vince Williams,MEM,21,432,116,101,31,12,14,24,40.7,86,81.5,27,-0.85,-1.99,-0.75,-1.16,-1.47,-0.32,-0.81,-0.29,-0.01
240,Josh Okogie,PHX,25,513,151,81,29,23,12,14,39.1,115,75.8,62,-0.85,-1.79,-1.03,-1.20,-0.31,-0.44,-1.18,-0.52,-0.35
241,Patrick Beverley,PHI,29,495,143,82,64,15,8,18,43.2,118,71.9,32,-0.87,-1.83,-1.02,-0.62,-1.15,-0.68,-1.03,-0.27,-0.35
242,Jalen Smith,IND,17,262,173,91,14,6,6,20,69.5,95,72.4,29,-0.87,-1.65,-0.89,-1.45,-2.11,-0.80,-0.95,1.20,-0.30
243,Haywood Highsmith,MIA,19,400,119,54,29,20,12,21,42.2,102,75.0,16,-0.87,-1.98,-1.41,-1.20,-0.63,-0.44,-0.92,-0.28,-0.14
244,Cedi Osman,SAS,29,535,229,66,53,10,5,36,45.9,185,67.6,34,-0.88,-1.32,-1.24,-0.80,-1.68,-0.87,-0.37,-0.21,-0.52
245,Dwight Powell,DAL,28,397,125,86,34,10,10,1,74.1,54,81.5,54,-0.88,-1.94,-0.96,-1.11,-1.68,-0.56,-1.65,0.87,0.02
246,Bismack Biyombo,MEM,23,563,139,152,42,8,26,0,57.8,102,47.7,44,-0.88,-1.86,-0.04,-0.98,-1.90,0.42,-1.69,0.62,-1.62
247,Andrew Nembhard,IND,20,394,153,33,82,17,1,13,50.0,134,66.7,9,-0.88,-1.77,-1.70,-0.32,-0.94,-1.11,-1.21,0.19,-0.19
248,Duop Reath,POR,20,305,172,62,20,12,7,28,44.1,136,92.3,26,-0.89,-1.66,-1.30,-1.35,-1.47,-0.74,-0.66,-0.26,0.29
249,Trendon Watford,BKN,22,310,145,74,42,11,7,6,53.6,110,87.5,24,-0.90,-1.82,-1.13,-0.98,-1.58,-0.74,-1.47,0.40,0.14
250,Pat Connaughton,MIL,25,549,140,96,48,12,4,27,41.5,123,73.3,15,-0.90,-1.85,-0.82,-0.88,-1.47,-0.93,-0.70,-0.41,-0.17
251,Craig Porter,CLE,20,347,151,57,72,15,11,6,49.2,124,65.7,35,-0.91,-1.79,-1.37,-0.48,-1.15,-0.50,-1.47,0.12,-0.61
252,Chris Boucher,TOR,27,379,175,101,9,9,16,19,46.1,128,76.0,50,-0.91,-1.64,-0.75,-1.53,-1.79,-0.19,-0.99,-0.10,-0.28
253,Kris Dunn,UTA,23,366,121,66,84,13,4,12,45.8,107,68.8,16,-0.92,-1.96,-1.24,-0.28,-1.37,-0.93,-1.25,-0.08,-0.25
254,Terance Mann,LAC,24,627,150,80,47,17,9,15,38.8,152,70.8,24,-0.94,-1.79,-1.05,-0.90,-0.94,-0.62,-1.14,-0.75,-0.30
255,Andrew Wiggins,GSW,26,693,330,117,30,8,10,26,42.8,292,69.2,78,-0.94,-0.72,-0.53,-1.18,-1.90,-0.56,-0.73,-0.91,-0.99
256,Quentin Grimes,NYK,28,581,174,39,31,18,1,46,38.9,162,33.3,6,-0.94,-1.65,-1.62,-1.16,-0.84,-1.11,0.00,-0.81,-0.36
257,Jevon Carter,CHI,32,463,174,23,39,15,9,40,37.7,175,66.7,3,-0.95,-1.65,-1.84,-1.03,-1.15,-0.62,-0.22,-0.99,-0.10
258,Trey Murphy,NOP,11,301,171,47,18,9,4,31,48.7,115,84.8,33,-0.95,-1.67,-1.51,-1.38,-1.79,-0.93,-0.55,0.09,0.12
259,Xavier Tillman,MEM,17,353,105,82,25,22,18,9,39.8,113,33.3,18,-0.95,-2.06,-1.02,-1.26,-0.41,-0.07,-1.36,-0.47,-0.98
260,Jeff Green,HOU,28,424,180,58,20,4,13,9,55.9,102,83.8,68,-0.96,-1.61,-1.35,-1.35,-2.32,-0.38,-1.36,0.50,0.22
261,Josh Green,DAL,19,476,126,55,48,19,3,23,41.6,113,52.9,17,-0.96,-1.93,-1.40,-0.88,-0.73,-0.99,-0.84,-0.36,-0.56
262,Sasha Vezenkov,SAC,26,345,139,69,13,13,6,29,42.6,122,75.0,8,-0.97,-1.86,-1.20,-1.46,-1.37,-0.80,-0.62,-0.32,-0.10
263,Julian Champagnie,SAS,22,301,130,39,18,10,14,32,43.1,102,76.9,13,-0.97,-1.91,-1.62,-1.38,-1.68,-0.32,-0.51,-0.22,-0.10
264,Daniel Theis,IND/LAC,20,334,144,71,16,8,16,10,50.9,112,74.1,27,-0.98,-1.83,-1.17,-1.41,-1.90,-0.19,-1.32,0.23,-0.23
265,Charles Bassey,SAS,19,205,63,76,21,8,17,0,72.5,40,83.3,6,-0.98,-2.31,-1.10,-1.33,-1.90,-0.13,-1.69,0.64,-0.03
266,Christian Wood,LAL,26,490,177,143,23,5,15,17,46.3,136,61.8,55,-0.99,-1.63,-0.17,-1.30,-2.21,-0.25,-1.07,-0.09,-1.16
267,Bojan Bogdanovic,DET,11,364,219,30,27,11,1,32,46.6,161,75.5,49,-1.00,-1.38,-1.75,-1.23,-1.58,-1.11,-0.51,-0.11,-0.30
268,Scoot Henderson,POR,20,524,222,52,89,11,4,19,36.9,222,79.6,49,-1.00,-1.36,-1.44,-0.20,-1.58,-0.93,-0.99,-1.39,-0.08
269,Danilo Gallinari,WAS,26,385,181,76,31,6,3,20,43.5,131,83.9,56,-1.00,-1.61,-1.10,-1.16,-2.11,-0.99,-0.95,-0.29,0.18
270,Dennis Smith,BKN,17,318,120,52,64,14,3,9,40.7,118,83.3,18,-1.01,-1.97,-1.44,-0.62,-1.26,-0.99,-1.36,-0.44,0.01
271,Nassir Little,PHX,23,359,120,60,16,10,8,16,48.4,91,84.2,19,-1.01,-1.97,-1.33,-1.41,-1.68,-0.68,-1.10,0.08,0.03
272,Aaron Wiggins,OKC,27,329,132,59,21,11,2,14,58.1,86,72.0,25,-1.01,-1.90,-1.34,-1.33,-1.58,-1.05,-1.18,0.55,-0.28
273,Julian Strawther,DEN,29,400,171,43,32,14,5,34,38.3,162,68.4,19,-1.01,-1.67,-1.56,-1.15,-1.26,-0.87,-0.44,-0.86,-0.30
274,Doug McDermott,SAS,27,423,153,29,40,9,2,41,42.6,122,66.7,12,-1.02,-1.77,-1.76,-1.01,-1.79,-1.05,-0.18,-0.32,-0.23
275,Alec Burks,DET,23,409,210,51,31,9,5,35,32.8,180,87.7,65,-1.02,-1.43,-1.45,-1.16,-1.79,-0.87,-0.40,-1.52,0.48
276,Jose Alvarado,NOP,17,275,113,43,34,17,6,20,41.7,96,59.1,22,-1.03,-2.01,-1.56,-1.11,-0.94,-0.80,-0.95,-0.28,-0.56
277,Marcus Morris,PHI,22,324,130,56,17,7,7,21,48.1,104,90.0,10,-1.03,-1.91,-1.38,-1.40,-2.00,-0.74,-0.92,0.06,0.05
278,Seth Curry,DAL,23,303,113,38,20,15,3,24,38.6,101,91.7,12,-1.04,-2.01,-1.63,-1.35,-1.15,-0.99,-0.81,-0.47,0.10
279,Keon Ellis,SAC,22,300,90,32,33,13,11,21,40.8,71,64.7,17,-1.04,-2.15,-1.72,-1.13,-1.37,-0.50,-0.92,-0.21,-0.34
280,Luke Kornet,BOS,17,220,74,56,10,8,13,0,74.4,43,83.3,12,-1.05,-2.24,-1.38,-1.51,-1.90,-0.38,-1.69,0.73,-0.01
281,Keita Bates-Diop,PHX,22,387,115,68,19,12,15,10,39.8,103,71.9,32,-1.05,-2.00,-1.22,-1.36,-1.47,-0.25,-1.32,-0.42,-0.35
282,JaVale McGee,SAC,26,224,123,76,12,6,16,0,66.7,81,55.6,27,-1.05,-1.95,-1.10,-1.48,-2.11,-0.19,-1.69,0.91,-0.78
283,Troy Brown,MIN,25,346,130,60,26,6,2,25,45.3,95,86.4,22,-1.05,-1.91,-1.33,-1.25,-2.11,-1.05,-0.77,-0.09,0.10
284,MarJon Beauchamp,MIL,27,413,132,67,20,9,4,20,50.0,100,60.0,20,-1.06,-1.90,-1.23,-1.35,-1.79,-0.93,-0.95,0.17,-0.50
285,Shake Milton,MIN,27,401,144,42,40,14,3,12,37.8,127,83.7,43,-1.06,-1.83,-1.58,-1.01,-1.26,-0.99,-1.25,-0.68,0.11
286,James Wiseman,DET,19,270,123,78,13,4,11,0,69.2,78,62.5,24,-1.07,-1.95,-1.08,-1.46,-2.32,-0.50,-1.69,0.99,-0.52
287,Gary Payton,GSW,14,242,83,44,13,17,4,9,47.9,71,66.7,9,-1.07,-2.19,-1.55,-1.46,-0.94,-0.93,-1.36,0.07,-0.19
288,Kenrich Williams,OKC,19,297,98,50,33,11,3,19,52.8,72,30.0,10,-1.07,-2.10,-1.47,-1.13,-1.58,-0.99,-0.99,0.27,-0.60
289,Jacob Gilyard,MEM,19,299,70,20,58,11,1,21,41.4,58,100.0,1,-1.08,-2.27,-1.89,-0.72,-1.58,-1.11,-0.92,-0.13,-0.03
290,Skylar Mays,POR,17,297,110,25,69,12,2,12,39.8,108,80.0,15,-1.08,-2.03,-1.82,-0.53,-1.47,-1.05,-1.25,-0.44,-0.06
291,Jaylin Williams,OKC,24,285,90,76,30,7,3,17,39.0,77,92.9,14,-1.08,-2.15,-1.10,-1.18,-2.00,-0.99,-1.07,-0.32,0.14
292,Chimezie Metu,PHX,20,245,106,57,9,9,5,10,50.6,77,81.8,22,-1.09,-2.05,-1.37,-1.53,-1.79,-0.87,-1.32,0.18,-0.01
293,Derrick Rose,MEM,15,284,136,30,52,7,2,11,43.8,121,90.5,21,-1.10,-1.87,-1.75,-0.82,-2.00,-1.05,-1.29,-0.24,0.18
294,Matt Ryan,NOP,13,298,121,30,14,5,1,32,45.8,83,92.9,14,-1.11,-1.96,-1.75,-1.45,-2.21,-1.11,-0.51,-0.04,0.14
295,Justin Holiday,DEN,17,260,76,25,20,11,1,18,52.7,55,0.0,0,-1.12,-2.23,-1.82,-1.35,-1.58,-1.11,-1.03,0.23,-0.05
296,Chris Duarte,SAC,26,313,93,46,19,15,2,15,36.8,87,77.8,18,-1.12,-2.13,-1.52,-1.36,-1.15,-1.05,-1.14,-0.48,-0.10
297,Ish Smith,CHA,22,365,80,32,67,7,2,2,51.4,74,100.0,2,-1.12,-2.21,-1.72,-0.57,-2.00,-1.05,-1.62,0.21,-0.01
298,Trayce Jackson-Davis,GSW,20,218,98,70,17,6,13,0,65.0,60,60.6,33,-1.12,-2.10,-1.19,-1.40,-2.11,-0.38,-1.69,0.65,-0.76
299,Omer Yurtseven,UTA,19,229,79,87,13,4,10,3,50.7,69,75.0,8,-1.13,-2.21,-0.95,-1.46,-2.32,-0.56,-1.58,0.18,-0.10
300,Thomas Bryant,MIA,18,223,97,69,11,6,5,0,55.6,72,85.0,20,-1.13,-2.11,-1.20,-1.50,-2.11,-0.87,-1.69,0.38,0.05
301,Bryce McGowens,CHA,23,407,121,45,19,8,3,17,45.1,91,75.9,29,-1.14,-1.96,-1.54,-1.36,-1.90,-0.99,-1.07,-0.09,-0.19
302,Delon Wright,WAS,9,155,47,24,36,14,1,4,37.1,35,89.5,19,-1.15,-2.40,-1.83,-1.08,-1.26,-1.11,-1.54,-0.12,0.14
303,Landry Shamet,WAS,18,285,132,21,24,9,2,25,45.9,111,45.5,11,-1.15,-1.90,-1.87,-1.28,-1.79,-1.05,-0.77,-0.08,-0.47
304,Orlando Robinson,MIA,13,210,79,58,23,5,7,7,52.5,59,71.4,14,-1.15,-2.21,-1.35,-1.30,-2.21,-0.74,-1.43,0.23,-0.19
305,Zeke Nnaji,DEN,26,271,94,63,14,6,17,4,49.3,69,62.9,35,-1.15,-2.12,-1.29,-1.45,-2.11,-0.13,-1.54,0.12,-0.72
306,Jaden Hardy,DAL,26,362,178,49,40,10,0,30,35.8,176,66.7,33,-1.16,-1.62,-1.48,-1.01,-1.68,-1.17,-0.59,-1.19,-0.54
307,Tristan Thompson,CLE,26,293,89,90,23,6,8,0,70.2,57,36.0,25,-1.16,-2.15,-0.91,-1.30,-2.11,-0.68,-1.69,0.79,-1.27
308,Mo Bamba,PHI,17,133,71,48,7,4,11,8,58.7,46,69.2,13,-1.17,-2.26,-1.49,-1.56,-2.32,-0.50,-1.40,0.36,-0.21
309,Andre Jackson,MIL,25,255,64,43,23,7,0,11,53.2,47,75.0,4,-1.18,-2.30,-1.56,-1.30,-2.00,-1.17,-1.29,0.22,-0.08
310,Max Christie,LAL,22,362,95,54,22,8,4,13,38.7,93,71.4,14,-1.19,-2.12,-1.41,-1.31,-1.90,-0.93,-1.21,-0.42,-0.19
311,Jae Crowder,MIL,9,240,73,35,15,7,3,16,53.2,47,58.3,12,-1.20,-2.25,-1.68,-1.43,-2.00,-0.99,-1.10,0.22,-0.34
312,Trey Lyles,SAC,16,314,97,84,24,1,7,18,41.3,80,59.1,22,-1.20,-2.11,-0.99,-1.28,-2.64,-0.74,-1.03,-0.23,-0.56
313,Bones Hyland,LAC,15,227,114,15,27,8,0,20,40.8,103,83.3,12,-1.20,-2.00,-1.96,-1.23,-1.90,-1.17,-0.95,-0.36,-0.01
314,Ja Morant,MEM,4,145,115,22,34,4,4,3,50.6,89,81.5,27,-1.20,-2.00,-1.86,-1.11,-2.32,-0.93,-1.58,0.19,-0.01
315,Yuta Watanabe,PHX,21,341,90,41,10,7,7,23,34.1,85,69.2,13,-1.21,-2.15,-1.59,-1.51,-2.00,-0.74,-0.84,-0.59,-0.21
316,Stanley Umude,DET,15,155,75,28,8,4,5,14,45.5,44,91.3,23,-1.21,-2.24,-1.77,-1.55,-2.32,-0.87,-1.18,0.03,0.23
317,Sam Merrill,CLE,16,177,94,20,15,4,1,29,42.5,73,75.0,4,-1.22,-2.12,-1.89,-1.43,-2.32,-1.11,-0.62,-0.15,-0.08
318,Larry Nance,NOP,14,211,49,58,10,9,4,3,50.0,42,50.0,8,-1.22,-2.39,-1.35,-1.51,-1.79,-0.93,-1.58,0.14,-0.32
319,Jaxson Hayes,LAL,28,298,81,53,10,6,10,0,66.0,50,53.6,28,-1.22,-2.20,-1.42,-1.51,-2.11,-0.56,-1.69,0.59,-0.87
320,Ben Simmons,BKN,6,191,39,65,40,3,5,0,52.8,36,25.0,4,-1.23,-2.45,-1.26,-1.01,-2.43,-0.87,-1.69,0.19,-0.30
321,Robert Williams,POR,6,119,41,38,5,7,7,0,65.4,26,77.8,9,-1.23,-2.44,-1.63,-1.60,-2.00,-0.74,-1.69,0.35,-0.08
322,JT Thor,CHA,23,360,73,58,10,6,9,12,37.2,78,42.9,7,-1.23,-2.25,-1.35,-1.51,-2.11,-0.62,-1.25,-0.40,-0.34
323,Jaden Springer,PHI,19,172,61,26,17,10,7,5,37.9,58,75.0,16,-1.23,-2.32,-1.80,-1.40,-1.68,-0.74,-1.51,-0.24,-0.14
324,Eugene Omoruyi,WAS,16,92,75,25,10,8,1,5,60.9,46,73.7,19,-1.23,-2.24,-1.82,-1.51,-1.90,-1.11,-1.51,0.42,-0.19
325,Jared Butler,WAS,14,111,63,10,26,8,1,7,51.2,43,80.0,15,-1.24,-2.31,-2.03,-1.25,-1.90,-1.11,-1.43,0.17,-0.06
326,Caleb Houstan,ORL,21,250,77,36,9,3,1,21,40.7,59,100.0,8,-1.24,-2.22,-1.66,-1.53,-2.43,-1.11,-0.92,-0.16,0.12
327,Kevin Knox,DET,12,186,77,28,5,5,2,13,50.0,58,85.7,7,-1.24,-2.22,-1.77,-1.60,-2.21,-1.05,-1.21,0.15,-0.01
328,P.J. Tucker,LAC/PHI,15,239,20,43,8,9,3,5,31.6,19,100.0,3,-1.25,-2.56,-1.56,-1.55,-1.79,-0.99,-1.51,-0.07,0.01
329,Dru Smith,MIA,9,131,39,14,14,9,3,7,45.5,33,100.0,2,-1.25,-2.45,-1.97,-1.45,-1.79,-0.99,-1.43,0.05,-0.01
330,Taylor Hendricks,UTA,11,175,58,28,5,8,6,10,38.2,55,75.0,8,-1.26,-2.34,-1.77,-1.60,-1.90,-0.80,-1.32,-0.22,-0.10
331,Jeremiah Robinson-Earl,NOP,13,153,59,35,9,4,1,7,54.8,42,100.0,6,-1.26,-2.33,-1.68,-1.53,-2.32,-1.11,-1.43,0.25,0.08
332,Luke Kennard,MEM,8,172,66,23,16,5,1,17,36.2,58,100.0,7,-1.27,-2.29,-1.84,-1.41,-2.21,-1.11,-1.07,-0.30,0.10
333,Kris Murray,POR,15,151,37,25,7,11,2,8,34.2,38,60.0,5,-1.28,-2.46,-1.82,-1.56,-1.58,-1.05,-1.40,-0.20,-0.16
334,Wendell Carter,ORL,10,252,73,69,18,3,6,7,39.7,68,60.0,20,-1.28,-2.25,-1.20,-1.38,-2.43,-0.80,-1.43,-0.24,-0.50
335,Neemias Queta,BOS,9,135,48,54,6,5,3,0,50.0,38,76.9,13,-1.28,-2.40,-1.41,-1.58,-2.21,-0.99,-1.69,0.14,-0.10
336,Otto Porter,TOR,13,158,39,29,5,5,5,8,43.8,32,100.0,3,-1.28,-2.45,-1.76,-1.60,-2.21,-0.87,-1.40,0.02,0.01
337,Davion Mitchell,SAC,22,286,80,20,43,5,2,12,34.1,85,76.9,13,-1.28,-2.21,-1.89,-0.96,-2.21,-1.05,-1.25,-0.59,-0.10
338,Jordan Nwora,IND,10,118,68,22,11,5,1,8,48.2,56,85.7,7,-1.28,-2.28,-1.86,-1.50,-2.21,-1.11,-1.40,0.09,-0.01
339,Garrison Mathews,ATL,18,210,51,19,4,6,2,17,42.5,40,0.0,1,-1.29,-2.38,-1.90,-1.61,-2.11,-1.05,-1.07,-0.03,-0.14
340,Mike Muscala,WAS,17,215,57,47,14,4,5,7,34.6,52,77.8,18,-1.29,-2.34,-1.51,-1.45,-2.32,-0.87,-1.43,-0.30,-0.10
341,Danuel House,PHI,19,223,68,23,15,6,1,11,42.3,52,72.2,18,-1.29,-2.28,-1.84,-1.43,-2.11,-1.11,-1.29,-0.08,-0.21
342,Kobe Brown,LAC,20,216,49,31,14,5,3,10,38.8,49,50.0,2,-1.30,-2.39,-1.73,-1.45,-2.21,-0.99,-1.32,-0.16,-0.12
343,Ousmane Dieng,OKC,18,202,78,29,16,1,0,14,45.8,59,83.3,12,-1.30,-2.22,-1.76,-1.41,-2.64,-1.17,-1.18,0.01,-0.01
344,Ryan Rollins,WAS,10,66,41,11,11,8,3,2,52.0,25,76.5,17,-1.30,-2.44,-2.01,-1.50,-1.90,-0.99,-1.62,0.16,-0.12
345,Markelle Fultz,ORL,5,143,57,17,20,6,2,0,48.2,56,75.0,4,-1.31,-2.34,-1.93,-1.35,-2.11,-1.05,-1.69,0.09,-0.08
346,Bradley Beal,PHX,6,151,88,20,19,4,2,9,44.9,69,70.8,24,-1.31,-2.16,-1.89,-1.36,-2.32,-1.05,-1.36,-0.04,-0.30
347,Gradey Dick,TOR,19,235,66,22,15,6,0,11,29.4,68,100.0,15,-1.31,-2.29,-1.86,-1.43,-2.11,-1.17,-1.29,-0.63,0.27
348,Sandro Mamukelashvili,SAS,14,103,41,29,16,3,4,5,40.6,32,83.3,12,-1.31,-2.44,-1.76,-1.41,-2.43,-0.93,-1.51,-0.03,-0.01
349,Anthony Gill,WAS,20,131,49,29,10,3,6,0,50.0,38,78.6,14,-1.32,-2.39,-1.76,-1.51,-2.43,-0.80,-1.69,0.14,-0.08
350,Nick Smith,CHA,13,147,78,10,6,1,3,16,46.2,65,100.0,2,-1.32,-2.22,-2.03,-1.58,-2.64,-0.99,-1.10,0.01,-0.01
351,Wesley Matthews,ATL,18,205,40,25,12,9,3,6,25.6,39,73.7,19,-1.32,-2.44,-1.82,-1.48,-1.79,-0.99,-1.47,-0.39,-0.19
352,A.J. Lawson,DAL,13,127,56,16,7,6,1,7,50.0,44,62.5,8,-1.32,-2.35,-1.94,-1.56,-2.11,-1.11,-1.43,0.14,-0.21
353,Furkan Korkmaz,PHI,20,138,38,10,10,10,0,5,36.1,36,77.8,9,-1.32,-2.46,-2.03,-1.51,-1.68,-1.17,-1.51,-0.14,-0.08
354,Isaiah Livers,DET,14,279,62,31,16,8,2,12,27.3,77,72.7,11,-1.33,-2.31,-1.73,-1.41,-1.90,-1.05,-1.25,-0.82,-0.14
355,Theo Maledon,CHA,13,200,54,23,28,7,0,5,28.8,66,91.7,12,-1.33,-2.36,-1.84,-1.21,-2.00,-1.17,-1.51,-0.63,0.10
356,Amir Coffey,LAC,18,244,62,29,11,2,0,8,41.2,51,92.3,13,-1.33,-2.31,-1.76,-1.50,-2.53,-1.17,-1.40,-0.11,0.12
357,Jock Landale,HOU,18,163,34,37,10,5,4,2,35.1,37,75.0,8,-1.33,-2.48,-1.65,-1.51,-2.21,-0.93,-1.62,-0.17,-0.10
358,AJ Green,MIL,21,151,64,16,13,0,0,19,44.0,50,100.0,1,-1.33,-2.30,-1.94,-1.46,-2.74,-1.17,-0.99,-0.02,-0.03
359,Johnny Davis,WAS,15,134,43,19,5,7,1,1,46.3,41,80.0,5,-1.34,-2.43,-1.90,-1.60,-2.00,-1.11,-1.65,0.05,-0.05
360,Kenyon Martin,LAC/PHI,19,120,33,16,10,9,1,1,48.3,29,50.0,8,-1.34,-2.49,-1.94,-1.51,-1.79,-1.11,-1.65,0.10,-0.32
361,Oshae Brissett,BOS,14,149,46,32,7,5,0,6,50.0,30,62.5,16,-1.35,-2.41,-1.72,-1.56,-2.21,-1.17,-1.47,0.13,-0.36
362,Davis Bertans,OKC,11,82,41,10,8,2,2,9,39.1,23,93.3,15,-1.35,-2.44,-2.03,-1.55,-2.53,-1.05,-1.36,-0.01,0.16
363,Richaun Holmes,DAL,15,162,53,59,8,2,6,0,48.9,45,50.0,18,-1.35,-2.37,-1.34,-1.55,-2.53,-0.80,-1.69,0.11,-0.65
364,Cody Zeller,NOP,23,221,41,68,26,4,3,0,33.3,39,57.7,26,-1.35,-2.44,-1.22,-1.25,-2.32,-0.99,-1.69,-0.23,-0.70
365,Miles McBride,NYK,18,82,34,5,8,6,0,7,50.0,26,50.0,2,-1.35,-2.48,-2.09,-1.55,-2.11,-1.17,-1.43,0.13,-0.12
366,Amen Thompson,HOU,10,147,49,32,14,6,2,2,40.4,47,60.0,15,-1.35,-2.39,-1.72,-1.45,-2.11,-1.05,-1.62,-0.11,-0.39
367,Jalen Wilson,BKN,9,85,41,20,7,1,1,2,50.0,24,100.0,15,-1.36,-2.44,-1.89,-1.56,-2.64,-1.11,-1.62,0.13,0.27
368,Jarace Walker,IND,8,84,30,12,11,4,3,3,42.9,28,100.0,3,-1.36,-2.50,-2.00,-1.50,-2.32,-0.99,-1.58,0.02,0.01
369,Tre Mann,OKC,12,102,38,17,16,3,0,5,45.7,35,100.0,1,-1.36,-2.46,-1.93,-1.41,-2.43,-1.17,-1.51,0.05,-0.03
370,Jalen McDaniels,TOR,18,162,41,24,10,6,3,5,28.1,57,100.0,4,-1.36,-2.44,-1.83,-1.51,-2.11,-0.99,-1.51,-0.55,0.03
371,Jamal Cain,MIA,9,130,40,17,1,6,3,4,41.9,31,66.7,15,-1.37,-2.44,-1.93,-1.66,-2.11,-0.99,-1.54,-0.01,-0.28
372,Lamar Stevens,BOS,11,53,27,12,4,4,3,2,52.4,21,75.0,4,-1.37,-2.52,-2.00,-1.61,-2.32,-0.99,-1.62,0.16,-0.08
373,Dalano Banton,BOS,13,98,36,25,6,2,2,1,50.0,30,83.3,6,-1.37,-2.47,-1.82,-1.58,-2.53,-1.05,-1.65,0.13,-0.03
374,Markieff Morris,DAL,12,125,37,24,10,4,1,8,33.3,42,50.0,2,-1.38,-2.46,-1.83,-1.51,-2.32,-1.11,-1.40,-0.25,-0.12
375,Jarred Vanderbilt,LAL,10,160,15,42,6,4,3,0,28.0,25,50.0,2,-1.38,-2.59,-1.58,-1.58,-2.32,-0.99,-1.69,-0.18,-0.12
376,Jaylen Nowell,MEM,9,156,51,14,16,3,0,4,40.0,55,100.0,3,-1.38,-2.38,-1.97,-1.41,-2.43,-1.17,-1.54,-0.16,0.01
377,Jalen Pickett,DEN,12,77,28,10,8,3,0,6,47.6,21,100.0,2,-1.38,-2.52,-2.03,-1.55,-2.43,-1.17,-1.47,0.10,-0.01
378,Kira Lewis,NOP,13,131,40,11,18,5,1,2,31.9,47,88.9,9,-1.38,-2.44,-2.01,-1.38,-2.21,-1.11,-1.62,-0.33,0.03
379,Ben Sheppard,IND,12,90,41,8,8,4,0,7,44.1,34,66.7,6,-1.39,-2.44,-2.05,-1.55,-2.32,-1.17,-1.43,0.02,-0.14
380,Luka Samanic,UTA,14,93,45,30,3,1,2,5,39.1,46,100.0,4,-1.39,-2.41,-1.75,-1.63,-2.64,-1.05,-1.51,-0.14,0.03
381,Olivier-Maxence Prosper,DAL,20,185,58,38,15,2,1,6,35.3,51,69.6,23,-1.39,-2.34,-1.63,-1.43,-2.53,-1.11,-1.47,-0.28,-0.32
382,Vasilije Micic,OKC,11,138,31,5,31,4,1,5,29.7,37,66.7,6,-1.39,-2.50,-2.09,-1.16,-2.32,-1.11,-1.51,-0.28,-0.14
383,Jordan McLaughlin,MIN,11,51,10,4,12,4,3,2,30.0,10,100.0,2,-1.39,-2.62,-2.11,-1.48,-2.32,-0.99,-1.62,0.01,-0.01
384,Kessler Edwards,SAC,24,119,34,18,6,2,2,7,40.6,32,50.0,2,-1.39,-2.48,-1.91,-1.58,-2.53,-1.05,-1.43,-0.03,-0.12
385,Gabe Vincent,LAL,5,127,27,5,15,6,0,2,37.5,32,50.0,2,-1.39,-2.52,-2.09,-1.43,-2.11,-1.17,-1.62,-0.09,-0.12
386,Collin Gillespie,DEN,11,86,20,4,8,5,0,3,40.0,20,100.0,1,-1.40,-2.56,-2.11,-1.55,-2.21,-1.17,-1.58,0.02,-0.03
387,Dalen Terry,CHI,16,141,25,24,15,2,3,2,36.0,25,62.5,8,-1.40,-2.53,-1.83,-1.43,-2.53,-0.99,-1.62,-0.07,-0.21
388,Moussa Diabate,LAC,9,55,27,19,4,4,0,0,50.0,18,75.0,12,-1.40,-2.52,-1.90,-1.61,-2.32,-1.17,-1.69,0.13,-0.12
389,Olivier Sarr,OKC,7,64,18,25,2,0,5,2,54.5,11,66.7,6,-1.41,-2.57,-1.82,-1.65,-2.74,-0.87,-1.62,0.15,-0.14
390,Joe Harris,DET,12,138,28,11,9,3,2,7,32.3,31,50.0,2,-1.41,-2.52,-2.01,-1.53,-2.43,-1.05,-1.43,-0.17,-0.12
391,Mason Plumlee,LAC,6,102,30,33,6,4,1,0,63.2,19,42.9,14,-1.41,-2.50,-1.70,-1.58,-2.32,-1.11,-1.69,0.27,-0.63
392,Saben Lee,PHX,6,43,25,8,8,1,2,0,47.1,17,100.0,9,-1.41,-2.53,-2.05,-1.55,-2.64,-1.05,-1.69,0.10,0.14
393,Cory Joseph,GSW,14,144,26,12,25,4,2,4,25.7,35,57.1,7,-1.41,-2.53,-2.00,-1.26,-2.32,-1.05,-1.54,-0.34,-0.23
394,Chuma Okeke,ORL,14,76,21,18,4,2,1,5,38.1,21,0.0,0,-1.41,-2.56,-1.91,-1.61,-2.53,-1.11,-1.51,-0.01,-0.05
395,DeAndre Jordan,DEN,12,159,57,57,12,4,5,0,59.0,39,35.5,31,-1.41,-2.34,-1.37,-1.48,-2.32,-0.87,-1.69,0.33,-1.58
396,Udoka Azubuike,PHX,5,54,28,20,2,0,3,0,86.7,15,40.0,5,-1.41,-2.52,-1.89,-1.65,-2.74,-0.99,-1.69,0.43,-0.27
397,Jericho Sims,NYK,14,103,23,24,3,1,1,0,66.7,15,60.0,5,-1.42,-2.55,-1.83,-1.63,-2.64,-1.11,-1.69,0.26,-0.16
398,Damian Jones,CLE,13,69,17,14,4,2,2,1,53.8,13,66.7,3,-1.42,-2.58,-1.97,-1.61,-2.53,-1.05,-1.65,0.15,-0.10
399,Leaky Black,CHA,7,40,11,7,4,2,3,1,62.5,8,0.0,0,-1.42,-2.62,-2.07,-1.61,-2.53,-0.99,-1.65,0.18,-0.05
400,Taj Gibson,NYK,7,67,10,12,4,1,5,0,50.0,10,0.0,0,-1.42,-2.62,-2.00,-1.61,-2.64,-0.87,-1.69,0.12,-0.05
401,Nathan Mensah,CHA,5,59,8,19,1,1,3,0,50.0,6,100.0,2,-1.43,-2.63,-1.90,-1.66,-2.64,-0.99,-1.69,0.12,-0.01
402,Nikola Jovic,MIA,4,48,14,23,9,1,0,3,33.3,12,75.0,4,-1.43,-2.60,-1.84,-1.53,-2.64,-1.17,-1.58,0.01,-0.08
403,Cody Martin,CHA,2,42,13,2,2,4,1,1,46.2,13,0.0,0,-1.43,-2.60,-2.14,-1.65,-2.32,-1.11,-1.65,0.10,-0.05
404,Colby Jones,SAC,12,77,31,16,2,2,1,1,45.2,31,66.7,3,-1.43,-2.50,-1.94,-1.65,-2.53,-1.11,-1.65,0.05,-0.10
405,Alex Len,SAC,7,43,15,16,5,1,5,0,75.0,8,42.9,7,-1.43,-2.59,-1.94,-1.60,-2.64,-0.87,-1.69,0.23,-0.34
406,Reggie Bullock,HOU,12,99,21,13,4,1,1,6,35.0,20,100.0,1,-1.43,-2.56,-1.98,-1.61,-2.64,-1.11,-1.47,-0.04,-0.03
407,Kenneth Lofton,MEM,15,99,39,15,14,3,3,3,37.8,37,53.3,15,-1.43,-2.45,-1.96,-1.45,-2.43,-0.99,-1.58,-0.12,-0.50
408,Cam Whitmore,HOU,7,64,46,13,2,3,1,5,50.0,34,50.0,14,-1.43,-2.41,-1.98,-1.65,-2.43,-1.11,-1.51,0.13,-0.52
409,Armoni Brooks,BKN,8,93,37,16,5,1,1,10,31.7,41,50.0,2,-1.43,-2.46,-1.94,-1.60,-2.64,-1.11,-1.32,-0.28,-0.12
410,Harry Giles,BKN,9,50,35,14,1,1,2,1,51.9,27,66.7,9,-1.43,-2.47,-1.97,-1.66,-2.64,-1.05,-1.65,0.16,-0.19
411,Lindy Waters,OKC,9,70,26,6,6,0,1,8,40.9,22,0.0,0,-1.43,-2.53,-2.08,-1.58,-2.74,-1.11,-1.40,0.02,-0.05
412,Brandon Boston,LAC,4,41,29,6,3,1,0,3,43.5,23,100.0,6,-1.44,-2.51,-2.08,-1.63,-2.64,-1.17,-1.58,0.05,0.08
413,Svi Mykhailiuk,BOS,11,83,18,9,4,4,0,4,28.0,25,0.0,0,-1.44,-2.57,-2.04,-1.61,-2.32,-1.17,-1.54,-0.18,-0.05
414,Devonte' Graham,SAS,6,60,15,8,16,2,1,2,26.7,15,71.4,7,-1.44,-2.59,-2.05,-1.41,-2.53,-1.11,-1.62,-0.07,-0.12
415,Jermaine Samuels,HOU,6,38,12,8,2,1,1,0,71.4,7,100.0,2,-1.44,-2.61,-2.05,-1.65,-2.64,-1.11,-1.69,0.20,-0.01
416,Thanasis Antetokounmpo,MIL,13,56,8,6,7,2,1,0,44.4,9,0.0,0,-1.45,-2.63,-2.08,-1.56,-2.53,-1.11,-1.69,0.09,-0.05
417,Blake Wesley,SAS,9,51,18,5,15,3,1,0,43.8,16,50.0,8,-1.45,-2.57,-2.09,-1.43,-2.43,-1.11,-1.69,0.07,-0.32
418,AJ Griffin,ATL,12,110,30,12,4,1,0,8,29.4,34,100.0,2,-1.45,-2.50,-2.00,-1.61,-2.64,-1.17,-1.40,-0.26,-0.01
419,Moses Brown,POR,6,49,12,29,1,2,2,0,46.2,13,0.0,4,-1.45,-2.61,-1.76,-1.66,-2.53,-1.05,-1.69,0.10,-0.41
420,Dereon Seabron,NOP,5,52,14,7,4,2,1,1,30.8,13,83.3,6,-1.45,-2.60,-2.07,-1.61,-2.53,-1.11,-1.65,-0.02,-0.03
421,Patty Mills,ATL,5,47,12,5,5,1,1,4,33.3,12,0.0,0,-1.45,-2.61,-2.09,-1.60,-2.64,-1.11,-1.54,0.01,-0.05
422,Trent Forrest,ATL,8,65,10,8,12,2,0,0,20.0,15,100.0,4,-1.46,-2.62,-2.05,-1.48,-2.53,-1.17,-1.69,-0.13,0.03
423,Cole Swider,MIA,3,29,16,1,3,1,1,4,42.9,14,0.0,0,-1.46,-2.59,-2.15,-1.63,-2.64,-1.11,-1.54,0.07,-0.05
424,Garrett Temple,TOR,6,19,11,2,3,1,0,1,80.0,5,100.0,2,-1.46,-2.62,-2.14,-1.63,-2.64,-1.17,-1.65,0.20,-0.01
425,Patrick Baldwin,WAS,9,52,17,11,3,0,1,3,31.3,16,100.0,4,-1.46,-2.58,-2.01,-1.63,-2.74,-1.11,-1.58,-0.04,0.03
426,Maxi Kleber,DAL,5,90,17,21,10,1,1,3,25.0,16,60.0,10,-1.46,-2.58,-1.87,-1.51,-2.64,-1.11,-1.58,-0.10,-0.28
427,Chris Livingston,MIL,7,23,9,6,2,1,0,1,80.0,5,0.0,0,-1.46,-2.63,-2.08,-1.65,-2.64,-1.17,-1.65,0.20,-0.05
428,Keon Johnson,BKN,1,21,12,1,1,1,1,2,37.5,8,100.0,4,-1.46,-2.61,-2.15,-1.66,-2.64,-1.11,-1.62,0.07,0.03
429,James Bouknight,CHA,3,18,17,4,0,0,0,5,54.5,11,0.0,0,-1.46,-2.58,-2.11,-1.68,-2.74,-1.17,-1.51,0.15,-0.05
430,Gui Santos,GSW,4,22,13,8,1,0,0,1,57.1,7,100.0,4,-1.46,-2.60,-2.05,-1.66,-2.74,-1.17,-1.65,0.15,0.03
431,Emoni Bates,CLE,10,76,18,10,6,1,2,5,24.0,25,50.0,2,-1.47,-2.57,-2.03,-1.58,-2.64,-1.05,-1.51,-0.23,-0.12
432,Sidy Cissoko,SAS,4,24,6,4,0,2,0,0,25.0,4,100.0,4,-1.47,-2.65,-2.11,-1.68,-2.53,-1.17,-1.69,0.06,0.03
433,Colin Castleton,LAL,4,28,12,7,3,0,0,0,62.5,8,100.0,2,-1.47,-2.61,-2.07,-1.63,-2.74,-1.17,-1.69,0.18,-0.01
434,Noah Clowney,BKN,2,27,14,5,2,0,0,0,66.7,9,100.0,2,-1.47,-2.60,-2.09,-1.65,-2.74,-1.17,-1.69,0.21,-0.01
435,Terry Taylor,CHI,9,24,8,3,0,1,0,0,100.0,4,0.0,0,-1.47,-2.63,-2.12,-1.68,-2.64,-1.17,-1.69,0.23,-0.05
436,Bol Bol,PHX,8,19,6,4,0,0,3,0,60.0,5,0.0,0,-1.47,-2.65,-2.11,-1.68,-2.74,-0.99,-1.69,0.15,-0.05
437,Dexter Dennis,DAL,4,30,22,9,4,0,1,1,52.6,19,33.3,3,-1.47,-2.55,-2.04,-1.61,-2.74,-1.11,-1.65,0.15,-0.21
438,Jared Rhoden,DET,5,30,13,4,3,0,0,1,55.6,9,100.0,2,-1.47,-2.60,-2.11,-1.63,-2.74,-1.17,-1.65,0.15,-0.01
439,Leonard Miller,MIN,4,11,9,7,1,0,0,1,80.0,5,0.0,0,-1.47,-2.63,-2.07,-1.66,-2.74,-1.17,-1.65,0.20,-0.05
440,Bruno Fernando,ATL,7,33,20,12,1,0,1,0,50.0,16,66.7,6,-1.47,-2.56,-2.00,-1.66,-2.74,-1.11,-1.69,0.13,-0.14
441,Nate Hinton,HOU,5,26,12,5,1,0,0,4,44.4,9,0.0,0,-1.47,-2.61,-2.09,-1.66,-2.74,-1.17,-1.54,0.09,-0.05
442,Jordan Ford,SAC,6,22,12,2,2,0,0,2,57.1,7,100.0,2,-1.47,-2.61,-2.14,-1.65,-2.74,-1.17,-1.62,0.15,-0.01
443,Jake LaRavia,MEM,8,99,26,11,5,1,0,3,34.4,32,50.0,2,-1.47,-2.53,-2.01,-1.60,-2.64,-1.17,-1.58,-0.15,-0.12
444,Isaiah Mobley,CLE,3,14,5,2,4,1,0,1,50.0,4,0.0,0,-1.47,-2.65,-2.14,-1.61,-2.64,-1.17,-1.65,0.12,-0.05
445,Robin Lopez,MIL,8,23,8,1,2,0,1,2,40.0,5,100.0,2,-1.48,-2.63,-2.15,-1.65,-2.74,-1.11,-1.62,0.09,-0.01
446,D'Moi Hodge,LAL,7,41,14,0,5,1,1,3,33.3,15,50.0,2,-1.48,-2.60,-2.16,-1.60,-2.64,-1.11,-1.58,-0.01,-0.12
447,James Johnson,IND,3,16,2,3,4,1,0,0,50.0,2,0.0,0,-1.48,-2.67,-2.12,-1.61,-2.64,-1.17,-1.69,0.12,-0.05
448,Boban Marjanovic,HOU,3,20,10,8,3,0,1,0,55.6,9,0.0,1,-1.48,-2.62,-2.05,-1.63,-2.74,-1.11,-1.69,0.15,-0.14
449,GG Jackson,MEM,4,19,8,3,0,1,1,2,30.0,10,0.0,0,-1.48,-2.63,-2.12,-1.68,-2.64,-1.11,-1.62,0.01,-0.05
450,Josh Minott,MIN,12,31,20,3,3,0,1,0,53.3,15,66.7,6,-1.48,-2.56,-2.12,-1.63,-2.74,-1.11,-1.69,0.15,-0.14
451,Jalen Slawson,SAC,5,19,4,4,2,0,1,0,66.7,3,0.0,0,-1.48,-2.66,-2.11,-1.65,-2.74,-1.11,-1.69,0.15,-0.05
452,Markquis Nowell,TOR,1,4,2,2,2,1,0,0,0.0,1,100.0,2,-1.48,-2.67,-2.14,-1.65,-2.64,-1.17,-1.69,0.09,-0.01
453,Nate Williams,HOU,4,22,13,0,2,1,0,0,54.5,11,50.0,2,-1.49,-2.60,-2.16,-1.65,-2.64,-1.17,-1.69,0.15,-0.12
454,Maxwell Lewis,LAL,12,53,3,3,3,2,0,1,11.1,9,0.0,0,-1.49,-2.66,-2.12,-1.63,-2.53,-1.17,-1.65,-0.07,-0.05
455,Juan Toscano-Anderson,SAC,5,15,2,3,2,1,0,0,33.3,3,0.0,0,-1.49,-2.67,-2.12,-1.65,-2.64,-1.17,-1.69,0.09,-0.05
456,Ish Wainright,POR,4,11,3,2,0,1,0,1,33.3,3,0.0,0,-1.49,-2.66,-2.14,-1.68,-2.64,-1.17,-1.65,0.09,-0.05
457,Oscar Tshiebwe,IND,3,17,11,5,2,0,0,0,50.0,8,75.0,4,-1.49,-2.62,-2.09,-1.65,-2.74,-1.17,-1.69,0.12,-0.08
458,TyTy Washington,MIL,2,6,3,1,0,1,0,1,33.3,3,0.0,0,-1.49,-2.66,-2.15,-1.68,-2.64,-1.17,-1.65,0.09,-0.05
459,Ryan Arcidiacono,NYK,10,21,0,5,3,1,0,0,0.0,3,0.0,0,-1.49,-2.68,-2.09,-1.63,-2.64,-1.17,-1.69,0.03,-0.05
460,Justin Minaya,POR,6,38,7,5,0,0,1,2,33.3,6,50.0,2,-1.49,-2.64,-2.09,-1.68,-2.74,-1.11,-1.62,0.06,-0.12
461,Wendell Moore,MIN,7,19,2,1,1,1,0,0,33.3,3,0.0,0,-1.49,-2.67,-2.15,-1.66,-2.64,-1.17,-1.69,0.09,-0.05
462,Jordan Miller,LAC,3,12,5,1,0,0,0,1,66.7,3,0.0,0,-1.49,-2.65,-2.15,-1.68,-2.74,-1.17,-1.65,0.15,-0.05
463,Dominick Barlow,SAS,8,45,10,8,0,1,0,0,33.3,9,66.7,6,-1.49,-2.62,-2.05,-1.68,-2.64,-1.17,-1.69,0.04,-0.14
464,E.J. Liddell,NOP,3,9,4,2,0,0,1,0,25.0,4,100.0,2,-1.50,-2.66,-2.14,-1.68,-2.74,-1.11,-1.69,0.06,-0.01
465,Shaquille Harrison,MEM,3,6,2,2,0,0,1,0,50.0,2,0.0,0,-1.50,-2.67,-2.14,-1.68,-2.74,-1.11,-1.69,0.12,-0.05
466,Thaddeus Young,TOR,5,18,7,6,6,0,0,0,60.0,5,33.3,3,-1.50,-2.64,-2.08,-1.58,-2.74,-1.17,-1.69,0.15,-0.21
467,Lester Quinones,GSW,3,15,8,3,1,0,0,2,33.3,9,0.0,0,-1.50,-2.63,-2.12,-1.66,-2.74,-1.17,-1.62,0.04,-0.05
468,Drew Peterson,BOS,1,3,3,0,1,0,0,1,100.0,1,0.0,0,-1.50,-2.66,-2.16,-1.66,-2.74,-1.17,-1.65,0.15,-0.05
469,Danny Green,PHI,2,18,0,2,1,1,0,0,0.0,2,0.0,0,-1.50,-2.68,-2.14,-1.66,-2.64,-1.17,-1.69,0.06,-0.05
470,Usman Garuba,GSW,2,6,0,0,1,1,0,0,0.0,1,0.0,0,-1.50,-2.68,-2.16,-1.66,-2.64,-1.17,-1.69,0.09,-0.05
471,Xavier Moon,LAC,2,12,2,2,3,0,0,0,50.0,2,0.0,0,-1.50,-2.67,-2.14,-1.63,-2.74,-1.17,-1.69,0.12,-0.05
472,Ty Jerome,CLE,2,15,4,1,3,0,0,0,50.0,4,0.0,0,-1.50,-2.66,-2.15,-1.63,-2.74,-1.17,-1.69,0.12,-0.05
473,Dylan Windler,NYK,3,7,3,1,1,0,0,1,50.0,2,0.0,0,-1.50,-2.66,-2.15,-1.66,-2.74,-1.17,-1.65,0.12,-0.05
474,Trevelin Queen,ORL,1,1,0,0,0,1,0,0,0.0,1,0.0,0,-1.50,-2.68,-2.16,-1.68,-2.64,-1.17,-1.69,0.09,-0.05
475,Mouhamed Gueye,ATL,2,4,0,0,0,1,0,0,0.0,1,0.0,0,-1.50,-2.68,-2.16,-1.68,-2.64,-1.17,-1.69,0.09,-0.05
476,Joshua Primo,LAC,1,5,2,0,0,0,1,0,50.0,2,0.0,0,-1.50,-2.67,-2.16,-1.68,-2.74,-1.11,-1.69,0.12,-0.05
477,Jett Howard,ORL,9,36,14,4,3,0,0,3,31.3,16,50.0,2,-1.50,-2.60,-2.11,-1.63,-2.74,-1.17,-1.58,-0.04,-0.12
478,Aleksej Pokusevski,OKC,7,43,6,8,5,0,1,1,18.2,11,50.0,2,-1.50,-2.65,-2.05,-1.60,-2.74,-1.11,-1.65,-0.07,-0.12
479,Jacob Toppin,NYK,2,3,0,0,0,0,1,0,0.0,0,0.0,0,-1.50,-2.68,-2.16,-1.68,-2.74,-1.11,-1.69,0.12,-0.05
480,Lindell Wigginton,MIL,3,8,6,0,0,0,0,0,40.0,5,100.0,2,-1.50,-2.65,-2.16,-1.68,-2.74,-1.17,-1.69,0.09,-0.01
481,Hunter Tyson,DEN,8,20,2,5,1,0,0,0,25.0,4,0.0,0,-1.50,-2.67,-2.09,-1.66,-2.74,-1.17,-1.69,0.06,-0.05
482,R.J. Hampton,MIA,3,29,3,2,4,0,0,1,16.7,6,0.0,0,-1.50,-2.66,-2.14,-1.61,-2.74,-1.17,-1.65,0.01,-0.05
483,Jay Huff,DEN,1,2,2,0,0,0,0,0,100.0,1,0.0,0,-1.50,-2.67,-2.16,-1.68,-2.74,-1.17,-1.69,0.15,-0.05
484,Evan Fournier,NYK,1,16,2,1,1,1,0,0,16.7,6,0.0,0,-1.50,-2.67,-2.15,-1.66,-2.64,-1.17,-1.69,0.01,-0.05
485,Dariq Whitehead,BKN,2,24,3,4,3,0,1,0,20.0,5,50.0,2,-1.50,-2.66,-2.11,-1.63,-2.74,-1.11,-1.69,0.04,-0.12
486,Jamaree Bouyea,POR,6,57,10,10,8,0,0,0,23.8,21,0.0,0,-1.50,-2.62,-2.03,-1.55,-2.74,-1.17,-1.69,-0.18,-0.05
487,Micah Potter,UTA,2,7,0,4,0,0,0,0,0.0,1,0.0,0,-1.50,-2.68,-2.11,-1.68,-2.74,-1.17,-1.69,0.09,-0.05
488,Marques Bolden,MIL,2,3,0,2,0,0,0,0,0.0,0,0.0,0,-1.50,-2.68,-2.14,-1.68,-2.74,-1.17,-1.69,0.12,-0.05
489,Ron Harper,TOR,1,4,0,0,1,0,0,0,0.0,0,0.0,0,-1.51,-2.68,-2.16,-1.66,-2.74,-1.17,-1.69,0.12,-0.05
490,Daishen Nix,MIN,6,21,8,1,0,1,0,2,37.5,8,0.0,2,-1.51,-2.63,-2.15,-1.68,-2.64,-1.17,-1.62,0.07,-0.23
491,Javonte Smart,PHI,1,1,0,0,0,0,0,0,0.0,0,0.0,0,-1.51,-2.68,-2.16,-1.68,-2.74,-1.17,-1.69,0.12,-0.05
492,Ibou Badji,POR,1,2,0,0,0,0,0,0,0.0,0,0.0,0,-1.51,-2.68,-2.16,-1.68,-2.74,-1.17,-1.69,0.12,-0.05
493,Onuralp Bitim,CHI,1,3,0,0,0,0,0,0,0.0,0,0.0,0,-1.51,-2.68,-2.16,-1.68,-2.74,-1.17,-1.69,0.12,-0.05
494,Malcolm Cazalon,DET,1,3,0,0,0,0,0,0,0.0,0,0.0,0,-1.51,-2.68,-2.16,-1.68,-2.74,-1.17,-1.69,0.12,-0.05
495,Braxton Key,DEN,6,15,3,3,5,0,0,0,20.0,5,50.0,2,-1.51,-2.66,-2.12,-1.60,-2.74,-1.17,-1.69,0.04,-0.12
496,Brice Sensabaugh,UTA,2,5,0,3,0,0,0,0,0.0,2,0.0,0,-1.51,-2.68,-2.12,-1.68,-2.74,-1.17,-1.69,0.06,-0.05
497,Alex Fudge,LAL,4,14,4,2,0,0,0,0,16.7,6,100.0,2,-1.51,-2.66,-2.14,-1.68,-2.74,-1.17,-1.69,0.01,-0.01
498,JD Davison,BOS,1,3,0,1,0,0,0,0,0.0,1,0.0,0,-1.51,-2.68,-2.15,-1.68,-2.74,-1.17,-1.69,0.09,-0.05
499,DaQuan Jeffries,NYK,10,30,11,5,2,0,0,1,41.7,12,0.0,2,-1.51,-2.62,-2.09,-1.65,-2.74,-1.17,-1.65,0.07,-0.23
500,Keyontae Johnson,OKC,1,6,0,0,0,0,0,0,0.0,1,0.0,0,-1.51,-2.68,-2.16,-1.68,-2.74,-1.17,-1.69,0.09,-0.05
501,Dmytro Skapintsev,NYK,1,1,0,0,0,0,0,0,0.0,1,0.0,0,-1.51,-2.68,-2.16,-1.68,-2.74,-1.17,-1.69,0.09,-0.05
502,Filip Petrusev,PHI/SAC,3,10,3,1,0,0,0,0,50.0,2,50.0,2,-1.51,-2.66,-2.15,-1.68,-2.74,-1.17,-1.69,0.12,-0.12
503,Johnny Juzang,UTA,1,4,0,0,1,0,0,0,0.0,2,0.0,0,-1.51,-2.68,-2.16,-1.66,-2.74,-1.17,-1.69,0.06,-0.05
504,Jules Bernard,WAS,2,10,2,1,1,0,0,0,20.0,5,0.0,0,-1.51,-2.67,-2.15,-1.66,-2.74,-1.17,-1.69,0.04,-0.05
505,Julian Phillips,CHI,17,74,11,10,6,1,0,0,27.8,18,25.0,4,-1.51,-2.62,-2.03,-1.58,-2.64,-1.17,-1.69,-0.10,-0.30
506,Luka Garza,MIN,6,18,13,7,2,0,0,0,33.3,12,62.5,8,-1.52,-2.60,-2.07,-1.65,-2.74,-1.17,-1.69,0.01,-0.21
507,Seth Lundy,ATL,4,30,5,3,0,0,0,1,20.0,10,0.0,0,-1.52,-2.65,-2.12,-1.68,-2.74,-1.17,-1.65,-0.05,-0.05
508,Charlie Brown,NYK,2,4,0,0,0,0,0,0,0.0,2,0.0,0,-1.52,-2.68,-2.16,-1.68,-2.74,-1.17,-1.69,0.06,-0.05
509,Amari Bailey,CHA,2,11,5,2,0,0,0,0,33.3,6,50.0,2,-1.52,-2.65,-2.14,-1.68,-2.74,-1.17,-1.69,0.06,-0.12
510,Rayan Rupert,POR,8,36,5,1,4,2,0,1,7.7,13,50.0,4,-1.52,-2.65,-2.15,-1.61,-2.53,-1.17,-1.65,-0.18,-0.19
511,Jerome Robinson,GSW,3,11,3,2,0,0,0,0,0.0,4,75.0,4,-1.52,-2.66,-2.14,-1.68,-2.74,-1.17,-1.69,0.01,-0.08
512,Kaiser Gates,NOP,1,7,0,1,0,0,0,0,0.0,4,0.0,0,-1.52,-2.68,-2.15,-1.68,-2.74,-1.17,-1.69,0.01,-0.05
513,Admiral Schofield,ORL,9,29,7,5,2,0,0,1,30.0,10,0.0,2,-1.52,-2.64,-2.09,-1.65,-2.74,-1.17,-1.65,0.01,-0.23
514,Kobe Bufkin,ATL,2,4,1,2,0,0,0,0,0.0,3,50.0,2,-1.52,-2.68,-2.14,-1.68,-2.74,-1.17,-1.69,0.03,-0.12
515,Greg Brown,DAL,5,28,8,7,3,0,1,0,33.3,6,44.4,9,-1.53,-2.63,-2.07,-1.63,-2.74,-1.11,-1.69,0.06,-0.41
516,Jalen Hood-Schifino,LAL,5,52,14,6,4,0,1,1,22.2,18,50.0,10,-1.54,-2.60,-2.08,-1.61,-2.74,-1.11,-1.65,-0.15,-0.39